a,b,c,d,tigr,ipg,source,nuc.acc,nuc.from,nuc.to,strand,prot.acc,name,organism,strain,in_prophage
MXAN_0068_M.xanth/96-341,NA,NA,NA,TIGR03001,NA,NA,NA,NA,NA,NA,NA,NA,NA,NA,NA
STIAU_5532_S.auran/80-320,NA,NA,NA,TIGR03001,NA,NA,NA,NA,NA,NA,NA,NA,NA,NA,NA
STIAU_3748_S.auran/57-296,NA,NA,NA,TIGR03001,NA,NA,NA,NA,NA,NA,NA,NA,NA,NA,NA
MXAN_6010_M.xanth/61-302,NA,NA,NA,TIGR03001,NA,NA,NA,NA,NA,NA,NA,NA,NA,NA,NA
MXAN_2737_M.xanth/55-296,NA,NA,NA,TIGR03001,NA,NA,NA,NA,NA,NA,NA,NA,NA,NA,NA
STIAU_7134_S.auran/53-299,NA,NA,NA,TIGR03001,NA,NA,NA,NA,NA,NA,NA,NA,NA,NA,NA
STIAU_8247_S.auran/121-355,NA,NA,NA,TIGR03001,NA,NA,NA,NA,NA,NA,NA,NA,NA,NA,NA
MXAN_1709_M.xanth/57-297,NA,NA,NA,TIGR03001,NA,NA,NA,NA,NA,NA,NA,NA,NA,NA,NA
STIAU_0993_S.auran/1-241,NA,NA,NA,TIGR03001,NA,NA,NA,NA,NA,NA,NA,NA,NA,NA,NA
NTL02PS6773_P.sp./1-183,NA,NA,NA,TIGR02999,NA,NA,NA,NA,NA,NA,NA,NA,NA,NA,NA
NTL02PS5620_P.sp./9-191,NA,NA,NA,TIGR02999,NA,NA,NA,NA,NA,NA,NA,NA,NA,NA,NA
NTL01GV4071_G.viola/4-186,NA,NA,NA,TIGR02999,NA,NA,NA,NA,NA,NA,NA,NA,NA,NA,NA
NTL01HC4658_H.cheju/4-184,NA,NA,NA,TIGR02999,NA,NA,NA,NA,NA,NA,NA,NA,NA,NA,NA
HNE_1632_H.neptu/6-184,NA,NA,NA,TIGR02999,NA,NA,NA,NA,NA,NA,NA,NA,NA,NA,NA
NTL02PS3121_P.sp./13-196,NA,NA,NA,TIGR02999,NA,NA,NA,NA,NA,NA,NA,NA,NA,NA,NA
HNE_2143_H.neptu/25-223,NA,NA,NA,TIGR02999,NA,NA,NA,NA,NA,NA,NA,NA,NA,NA,NA
NTL02PS6603_P.sp./2-183,NA,NA,NA,TIGR02999,NA,NA,NA,NA,NA,NA,NA,NA,NA,NA,NA
MXAN_5101_M.xanth/1-182,NA,NA,NA,TIGR02999,NA,NA,NA,NA,NA,NA,NA,NA,NA,NA,NA
HNE_1495_H.neptu/2-183,NA,NA,NA,TIGR02999,NA,NA,NA,NA,NA,NA,NA,NA,NA,NA,NA
NTL01XA4071_X.axono/3-179,NA,NA,NA,TIGR02999,NA,NA,NA,NA,NA,NA,NA,NA,NA,NA,NA
NTL02VV0052_V.vulni/5-190,NA,NA,NA,TIGR02999,NA,NA,NA,NA,NA,NA,NA,NA,NA,NA,NA
CPS_1805_C.psych/8-195,NA,NA,NA,TIGR02999,NA,NA,NA,NA,NA,NA,NA,NA,NA,NA,NA
CPS_1793_C.psych/8-191,NA,NA,NA,TIGR02999,NA,NA,NA,NA,NA,NA,NA,NA,NA,NA,NA
NTL01NSA0178,all7179/7-304,NA,NA,TIGR02997,NA,NA,NA,NA,NA,NA,NA,NA,NA,NA,NA
NTL02AVA0111,Ava_B0111/6-303,NA,NA,TIGR02997,NA,NA,NA,NA,NA,NA,NA,NA,NA,NA,NA
NTL03PM0494,Pro_0495/128-425,NA,NA,TIGR02997,NA,NA,NA,NA,NA,NA,NA,NA,NA,NA,NA
NTL01GV1334,gll1334/40-332,NA,NA,TIGR02997,NA,NA,NA,NA,NA,NA,NA,NA,NA,NA,NA
NTL02AV1198,Ava_1198/66-365,NA,NA,TIGR02997,NA,NA,NA,NA,NA,NA,NA,NA,NA,NA,NA
NTL01GV4359,gll4359/32-330,NA,NA,TIGR02997,NA,NA,NA,NA,NA,NA,NA,NA,NA,NA,NA
GYMAORF2642/50-348,NA,NA,NA,TIGR02997,NA,NA,NA,NA,NA,NA,NA,NA,NA,NA,NA
NTL04SE0952,syc0953_d/19-299,NA,NA,TIGR02997,NA,NA,NA,NA,NA,NA,NA,NA,NA,NA,NA
NTL03SC2496,SYNW2496,or1089/39-319,NA,TIGR02997,NA,NA,NA,NA,NA,NA,NA,NA,NA,NA,NA
NTL03SE1847,Synpcc7942_1849/42-382,NA,NA,TIGR02997,NA,NA,NA,NA,NA,NA,NA,NA,NA,NA,NA
NTL06SC2596,Syncc9605_2596/21-360,NA,NA,TIGR02997,NA,NA,NA,NA,NA,NA,NA,NA,NA,NA,NA
NTL01TE0498,tlr0499/22-359,NA,NA,TIGR02997,NA,NA,NA,NA,NA,NA,NA,NA,NA,NA,NA
NTL03SC0102,SYNW0102,or1179/23-320,NA,TIGR02997,NA,NA,NA,NA,NA,NA,NA,NA,NA,NA,NA
NTL01SS01133,sll2012/8-306,NA,NA,TIGR02997,NA,NA,NA,NA,NA,NA,NA,NA,NA,NA,NA
NTL03SE1744,Synpcc7942_1746/11-308,NA,NA,TIGR02997,NA,NA,NA,NA,NA,NA,NA,NA,NA,NA,NA
NTL01NSB0108,all7608/13-311,NA,NA,TIGR02997,NA,NA,NA,NA,NA,NA,NA,NA,NA,NA,NA
NTL01NSB0115,all7615/23-320,NA,NA,TIGR02997,NA,NA,NA,NA,NA,NA,NA,NA,NA,NA,NA
GB,CAE21243.1,33640788/11-308,NA,TIGR02997,1501869,INSDC,BX548175.1,1153457,1154419,-,CAE21243.1,"Type II alternative RNA polymerase sigma factor, sigma-70 family",Prochlorococcus marinus str. MIT 9313,MIT9313,FALSE
GB,CAE08136.1,33639130/18-303,NA,TIGR02997,1501846,INSDC,BX548020.1,1560024,1560965,-,CAE08136.1,"Type II alternative RNA polymerase sigma factor, sigma-70 family",Parasynechococcus marenigrum WH 8102,WH 8102,FALSE
GB,CAE19748.1,33640213/18-303,NA,TIGR02997,1496127,INSDC,BX548174.1,1240108,1241049,-,CAE19748.1,"Type II alternative RNA polymerase sigma factor, sigma-70 family",Prochlorococcus marinus subsp. pastoris str. CCMP1986,MED4,FALSE
GB,CAE20156.1,33634471/50-330,NA,TIGR02997,1747396,INSDC,BX548174.1,1632707,1633726,+,CAE20156.1,"Type II alternative RNA polymerase sigma factor, sigma-70 family",Prochlorococcus marinus subsp. pastoris str. CCMP1986,MED4,FALSE
GB,AAQ00835.1,33238770/19-316,NA,TIGR02997,1715132,INSDC,AE017126.1,1643541,1644527,-,AAQ00835.1,DNA-directed RNA polymerase sigma subunit (sigma70/sigma32),Prochlorococcus marinus subsp. marinus str. CCMP1375,CCMP1375; SS120,FALSE
ORF01043/19-176,NA,NA,NA,TIGR02989,NA,NA,NA,NA,NA,NA,NA,NA,NA,NA,NA
ORF02863/14-171,NA,NA,NA,TIGR02989,NA,NA,NA,NA,NA,NA,NA,NA,NA,NA,NA
ORF03818/10-167,NA,NA,NA,TIGR02989,NA,NA,NA,NA,NA,NA,NA,NA,NA,NA,NA
ORF02858/9-166,NA,NA,NA,TIGR02989,NA,NA,NA,NA,NA,NA,NA,NA,NA,NA,NA
ORF03215/6-163,NA,NA,NA,TIGR02989,NA,NA,NA,NA,NA,NA,NA,NA,NA,NA,NA
ORF05011/42-201,NA,NA,NA,TIGR02989,NA,NA,NA,NA,NA,NA,NA,NA,NA,NA,NA
ORF05555/19-176,NA,NA,NA,TIGR02989,NA,NA,NA,NA,NA,NA,NA,NA,NA,NA,NA
ORF01981/22-182,NA,NA,NA,TIGR02989,NA,NA,NA,NA,NA,NA,NA,NA,NA,NA,NA
ORF03472/18-180,NA,NA,NA,TIGR02989,NA,NA,NA,NA,NA,NA,NA,NA,NA,NA,NA
ORF05243/22-181,NA,NA,NA,TIGR02989,NA,NA,NA,NA,NA,NA,NA,NA,NA,NA,NA
NTL02PS5379/6-163,NA,NA,NA,TIGR02989,NA,NA,NA,NA,NA,NA,NA,NA,NA,NA,NA
NTL02PS5558/26-187,NA,NA,NA,TIGR02989,NA,NA,NA,NA,NA,NA,NA,NA,NA,NA,NA
NTL02PS1514/4-163,NA,NA,NA,TIGR02989,NA,NA,NA,NA,NA,NA,NA,NA,NA,NA,NA
NTL02PS3027/1-160,NA,NA,NA,TIGR02989,NA,NA,NA,NA,NA,NA,NA,NA,NA,NA,NA
NTL02PS2696/19-177,NA,NA,NA,TIGR02989,NA,NA,NA,NA,NA,NA,NA,NA,NA,NA,NA
GGOORF8875/45-205,NA,NA,NA,TIGR02989,NA,NA,NA,NA,NA,NA,NA,NA,NA,NA,NA
BBFORF0142/11-174,NA,NA,NA,TIGR02985,NA,NA,NA,NA,NA,NA,NA,NA,NA,NA,NA
BBFORF0280/23-189,NA,NA,NA,TIGR02985,NA,NA,NA,NA,NA,NA,NA,NA,NA,NA,NA
BBFORF0551/12-174,NA,NA,NA,TIGR02985,NA,NA,NA,NA,NA,NA,NA,NA,NA,NA,NA
BBFORF0636/21-178,NA,NA,NA,TIGR02985,NA,NA,NA,NA,NA,NA,NA,NA,NA,NA,NA
BBFORF1155/30-189,NA,NA,NA,TIGR02985,NA,NA,NA,NA,NA,NA,NA,NA,NA,NA,NA
BBFORF1180/8-174,NA,NA,NA,TIGR02985,NA,NA,NA,NA,NA,NA,NA,NA,NA,NA,NA
BBFORF1526/19-183,NA,NA,NA,TIGR02985,NA,NA,NA,NA,NA,NA,NA,NA,NA,NA,NA
BBFORF2289/16-182,NA,NA,NA,TIGR02985,NA,NA,NA,NA,NA,NA,NA,NA,NA,NA,NA
BBFORF2346/27-186,NA,NA,NA,TIGR02985,NA,NA,NA,NA,NA,NA,NA,NA,NA,NA,NA
BBFORF2409/49-205,NA,NA,NA,TIGR02985,NA,NA,NA,NA,NA,NA,NA,NA,NA,NA,NA
BBFORF2674/14-179,NA,NA,NA,TIGR02985,NA,NA,NA,NA,NA,NA,NA,NA,NA,NA,NA
NTL01BF0229,BF0232/24-185,NA,NA,TIGR02985,NA,NA,NA,NA,NA,NA,NA,NA,NA,NA,NA
NTL01BF0480,BF0503/7-172,NA,NA,TIGR02985,NA,NA,NA,NA,NA,NA,NA,NA,NA,NA,NA
NTL01BF0510,BF0534/21-178,NA,NA,TIGR02985,NA,NA,NA,NA,NA,NA,NA,NA,NA,NA,NA
NTL01BF0543,BF0568/21-179,NA,NA,TIGR02985,NA,NA,NA,NA,NA,NA,NA,NA,NA,NA,NA
NTL01BF0651,BF0685/7-171,NA,NA,TIGR02985,NA,NA,NA,NA,NA,NA,NA,NA,NA,NA,NA
NTL01BF0831,BF0869/16-173,NA,NA,TIGR02985,NA,NA,NA,NA,NA,NA,NA,NA,NA,NA,NA
NTL01BF1138,BF1197/4-170,NA,NA,TIGR02985,NA,NA,NA,NA,NA,NA,NA,NA,NA,NA,NA
NTL01BF1244,BF1308/26-182,NA,NA,TIGR02985,NA,NA,NA,NA,NA,NA,NA,NA,NA,NA,NA
NTL01BF1342,BF1412/11-177,NA,NA,TIGR02985,NA,NA,NA,NA,NA,NA,NA,NA,NA,NA,NA
NTL01BF1438,BF1514/11-176,NA,NA,TIGR02985,NA,NA,NA,NA,NA,NA,NA,NA,NA,NA,NA
NTL01BF1880,BF1964/17-176,NA,NA,TIGR02985,NA,NA,NA,NA,NA,NA,NA,NA,NA,NA,NA
NTL01BF2822,BF2910/20-183,NA,NA,TIGR02985,NA,NA,NA,NA,NA,NA,NA,NA,NA,NA,NA
NTL01BF3012,BF3099/19-177,NA,NA,TIGR02985,NA,NA,NA,NA,NA,NA,NA,NA,NA,NA,NA
NTL01BF3319,BF3410/11-170,NA,NA,TIGR02985,NA,NA,NA,NA,NA,NA,NA,NA,NA,NA,NA
NTL01BF3477,BF3574/11-173,NA,NA,TIGR02985,NA,NA,NA,NA,NA,NA,NA,NA,NA,NA,NA
NTL01BF3539,BF3639/20-178,NA,NA,TIGR02985,NA,NA,NA,NA,NA,NA,NA,NA,NA,NA,NA
NTL01BF3655,BF3756/17-172,NA,NA,TIGR02985,NA,NA,NA,NA,NA,NA,NA,NA,NA,NA,NA
NTL01BF4021,BF4130/2-168,NA,NA,TIGR02985,NA,NA,NA,NA,NA,NA,NA,NA,NA,NA,NA
NTL01BJ3694,blr3694/36-192,NA,NA,TIGR02985,NA,NA,NA,NA,NA,NA,NA,NA,NA,NA,NA
NTL01BT0139,BT_0139/10-167,NA,NA,TIGR02985,NA,NA,NA,NA,NA,NA,NA,NA,NA,NA,NA
NTL01BT0188,BT_0188/23-181,NA,NA,TIGR02985,NA,NA,NA,NA,NA,NA,NA,NA,NA,NA,NA
NTL01BT0752,BT_0752/20-183,NA,NA,TIGR02985,NA,NA,NA,NA,NA,NA,NA,NA,NA,NA,NA
NTL01BT0966,BT_0966/19-175,NA,NA,TIGR02985,NA,NA,NA,NA,NA,NA,NA,NA,NA,NA,NA
NTL01BT1278,BT_1278/12-174,NA,NA,TIGR02985,NA,NA,NA,NA,NA,NA,NA,NA,NA,NA,NA
NTL01BT1877,BT_1877/18-183,NA,NA,TIGR02985,NA,NA,NA,NA,NA,NA,NA,NA,NA,NA,NA
NTL01BT2198,BT_2198/15-181,NA,NA,TIGR02985,NA,NA,NA,NA,NA,NA,NA,NA,NA,NA,NA
NTL01BT3268,BT_3269/18-176,NA,NA,TIGR02985,NA,NA,NA,NA,NA,NA,NA,NA,NA,NA,NA
NTL01BT3276,BT_3277/17-176,NA,NA,TIGR02985,NA,NA,NA,NA,NA,NA,NA,NA,NA,NA,NA
NTL01BT4068,BT_4070/1-168,NA,NA,TIGR02985,NA,NA,NA,NA,NA,NA,NA,NA,NA,NA,NA
NTL01BT4353,BT_4355/22-178,NA,NA,TIGR02985,NA,NA,NA,NA,NA,NA,NA,NA,NA,NA,NA
NTL01BT4703,BT_4705/12-173,NA,NA,TIGR02985,NA,NA,NA,NA,NA,NA,NA,NA,NA,NA,NA
NTL01BT4720,BT_4722/20-179,NA,NA,TIGR02985,NA,NA,NA,NA,NA,NA,NA,NA,NA,NA,NA
NTL02PS3373_P.sp./19-204,NA,NA,NA,TIGR02984,NA,NA,NA,NA,NA,NA,NA,NA,NA,NA,NA
NTL02PS6142_P.sp./34-223,NA,NA,NA,TIGR02984,NA,NA,NA,NA,NA,NA,NA,NA,NA,NA,NA
GGOORF8508_G.obscu/27-213,NA,NA,NA,TIGR02984,NA,NA,NA,NA,NA,NA,NA,NA,NA,NA,NA
NTL02PS0348_P.sp./1-176,NA,NA,NA,TIGR02984,NA,NA,NA,NA,NA,NA,NA,NA,NA,NA,NA
NTL02PS6068_P.sp./53-239,NA,NA,NA,TIGR02984,NA,NA,NA,NA,NA,NA,NA,NA,NA,NA,NA
NTL02PS3892_P.sp./45-230,NA,NA,NA,TIGR02984,NA,NA,NA,NA,NA,NA,NA,NA,NA,NA,NA
NTL02PS5595_P.sp./21-209,NA,NA,NA,TIGR02984,NA,NA,NA,NA,NA,NA,NA,NA,NA,NA,NA
GGOORF9007_G.obscu/1-183,NA,NA,NA,TIGR02984,NA,NA,NA,NA,NA,NA,NA,NA,NA,NA,NA
GGOORF1031_G.obscu/15-203,NA,NA,NA,TIGR02984,NA,NA,NA,NA,NA,NA,NA,NA,NA,NA,NA
NTL02PS5444_P.sp./21-209,NA,NA,NA,TIGR02984,NA,NA,NA,NA,NA,NA,NA,NA,NA,NA,NA
GGOORF7344_G.obscu/39-225,NA,NA,NA,TIGR02984,NA,NA,NA,NA,NA,NA,NA,NA,NA,NA,NA
GSCORF2922_S.clavu/17-178,NA,NA,NA,TIGR02983,NA,NA,NA,NA,NA,NA,NA,NA,NA,NA,NA
GB,CAC40609.1,14285290/2-163,NA,TIGR02983,7726,INSDC,AL645882.2,5435560,5436069,-,CAC40609.1,putative RNA polymerase ECF sigma factor,Streptomyces coelicolor A3(2),NA,FALSE
GB,BAC74052.1,29610004/23-184,NA,TIGR02983,1289607,INSDC,BA000030.4,7607082,7607702,+,BAC74052.1,putative RNA polymerase ECF-subfamily sigma factor,Streptomyces avermitilis MA-4680 = NBRC 14893,MA-4680,FALSE
GSCORF1859_S.clavu/1-143,NA,NA,NA,TIGR02983,NA,NA,NA,NA,NA,NA,NA,NA,NA,NA,NA
GB,BAC71062.1,29607002/31-193,NA,TIGR02983,555995,INSDC,BA000030.4,4167629,4168249,-,BAC71062.1,putative RNA polymerase ECF-subfamily sigma factor,Streptomyces avermitilis MA-4680 = NBRC 14893,MA-4680,FALSE
GB,AAZ57055.1,71917153/5-166,NA,TIGR02983,1511470,RefSeq,NZ_AOSG01000087.1,86199,86726,+,WP_011293439.1,SigE family RNA polymerase sigma factor,Thermobifida fusca TM51,TM51,FALSE
GB,BAC71919.1,29607863/1-154,NA,TIGR02983,51395,INSDC,BA000030.4,5162654,5163124,-,BAC71919.1,putative RNA polymerase ECF-subfamily sigma factor,Streptomyces avermitilis MA-4680 = NBRC 14893,MA-4680,FALSE
GB,BAC72418.1,29608364/2-163,NA,TIGR02983,164500,INSDC,BA000030.4,5734746,5735285,-,BAC72418.1,putative RNA polymerase ECF-subfamily sigma factor,Streptomyces avermitilis MA-4680 = NBRC 14893,MA-4680,FALSE
GB,BAC72137.1,29608082/5-143,NA,TIGR02983,1422576,INSDC,BA000030.4,5410404,5410841,-,BAC72137.1,putative RNA polymerase ECF-subfamily sigma factor,Streptomyces avermitilis MA-4680 = NBRC 14893,MA-4680,FALSE
GB,CAC38811.1,14041600/5-167,NA,TIGR02983,237781,INSDC,AL645882.2,2009469,2010041,+,CAC38811.1,putative RNA polymerase sigma factor,Streptomyces coelicolor A3(2),NA,FALSE
GB,BAC72273.1,29608218/28-191,NA,TIGR02983,865334,INSDC,BA000030.4,5569855,5570430,+,BAC72273.1,putative RNA polymerase ECF-subfamily sigma factor,Streptomyces avermitilis MA-4680 = NBRC 14893,MA-4680,FALSE
GB,AAZ54880.1,71914978/13-176,NA,TIGR02983,4594676,RefSeq,NZ_AOSG01000022.1,16595,17125,-,WP_011291289.1,SigE family RNA polymerase sigma factor,Thermobifida fusca TM51,TM51,FALSE
GB,BAC72139.1,29608084/7-166,NA,TIGR02983,1001315,INSDC,BA000030.4,5411790,5412317,+,BAC72139.1,putative RNA polymerase ECF-subfamily sigma factor,Streptomyces avermitilis MA-4680 = NBRC 14893,MA-4680,FALSE
GB,BAC71029.1,29606969/21-181,NA,TIGR02983,13181903,INSDC,BA000030.4,4129027,4129545,-,BAC71029.2,putative RNA polymerase ECF-subfamily sigma factor,Streptomyces avermitilis MA-4680 = NBRC 14893,MA-4680,FALSE
NTL01BH0530,BH0529/27-254,NA,NA,TIGR02980,NA,NA,NA,NA,NA,NA,NA,NA,NA,NA,NA
NTL01LI0888,lin0894/27-254,NA,NA,TIGR02980,NA,NA,NA,NA,NA,NA,NA,NA,NA,NA,NA
NTL02SE1668,SE_1668/28-255,NA,NA,TIGR02980,NA,NA,NA,NA,NA,NA,NA,NA,NA,NA,NA
BCE_1086/27-254,NA,NA,NA,TIGR02980,NA,NA,NA,NA,NA,NA,NA,NA,NA,NA,NA
NTL06SA3015,SAV3013/164-388,NA,NA,TIGR02980,NA,NA,NA,NA,NA,NA,NA,NA,NA,NA,NA
NTL02SC2927,SCO3068/76-301,NA,NA,TIGR02980,NA,NA,NA,NA,NA,NA,NA,NA,NA,NA,NA
NTL06SA0742,SAV741/49-276,NA,NA,TIGR02980,NA,NA,NA,NA,NA,NA,NA,NA,NA,NA,NA
GSCORF2941/108-332,NA,NA,NA,TIGR02980,NA,NA,NA,NA,NA,NA,NA,NA,NA,NA,NA
NTL02SC6240,SCO6520/33-259,NA,NA,TIGR02980,NA,NA,NA,NA,NA,NA,NA,NA,NA,NA,NA
NTL01NF0157,nfa1570/37-264,NA,NA,TIGR02980,NA,NA,NA,NA,NA,NA,NA,NA,NA,NA,NA
NTL01NF3611,nfa36050/88-313,NA,NA,TIGR02980,NA,NA,NA,NA,NA,NA,NA,NA,NA,NA,NA
NTL01NF3808,nfa38020/46-273,NA,NA,TIGR02980,NA,NA,NA,NA,NA,NA,NA,NA,NA,NA,NA
MSMEG1802/25-250,NA,NA,NA,TIGR02980,NA,NA,NA,NA,NA,NA,NA,NA,NA,NA,NA
NTL03MA1474,MAP_1474c/42-269,NA,NA,TIGR02980,NA,NA,NA,NA,NA,NA,NA,NA,NA,NA,NA
NTL01TF1334,Tfu_1334/82-307,NA,NA,TIGR02980,NA,NA,NA,NA,NA,NA,NA,NA,NA,NA,NA
NTL01TF0887,Tfu_0887/79-304,NA,NA,TIGR02980,NA,NA,NA,NA,NA,NA,NA,NA,NA,NA,NA
BCE_3948/65-288,NA,NA,NA,TIGR02980,NA,NA,NA,NA,NA,NA,NA,NA,NA,NA,NA
CHY_1959/32-255,NA,NA,NA,TIGR02980,NA,NA,NA,NA,NA,NA,NA,NA,NA,NA,NA
NTL03MT1496,Moth_1496/30-253,NA,NA,TIGR02980,NA,NA,NA,NA,NA,NA,NA,NA,NA,NA,NA
NTL01GK2308,GK2308/28-249,NA,NA,TIGR02980,NA,NA,NA,NA,NA,NA,NA,NA,NA,NA,NA
NTL07ST1812,STH1812/28-252,NA,NA,TIGR02980,NA,NA,NA,NA,NA,NA,NA,NA,NA,NA,NA
NTL01TT1224,TTE1317/17-238,NA,NA,TIGR02980,NA,NA,NA,NA,NA,NA,NA,NA,NA,NA,NA
NTL02CT2013,CTC_02246/30-253,NA,NA,TIGR02980,NA,NA,NA,NA,NA,NA,NA,NA,NA,NA,NA
GB,BAC71074.1,29607014/4-322,NA,TIGR02960,963983,INSDC,BA000030.4,4179014,4180018,+,BAC71074.1,putative RNA polymerase ECF-subfamily sigma factor,Streptomyces avermitilis MA-4680 = NBRC 14893,MA-4680,FALSE
GB,AAS06171.1,41398551/39-353,NA,TIGR02960,2008781,INSDC,AE016958.1,4018733,4019833,-,AAS06171.1,SigG,Mycobacterium avium subsp. paratuberculosis K-10,K-10,FALSE
GSCORFA0761_S.clavu/74-393,NA,NA,NA,TIGR02960,NA,NA,NA,NA,NA,NA,NA,NA,NA,NA,NA
GB,BAB49376.1,14022768/18-341,NA,TIGR02960,556742,INSDC,BA000012.4,1769347,1770399,+,BAB49376.1,probable RNA polymerase sigma subunit,Mesorhizobium japonicum MAFF 303099,MAFF 303099,FALSE
SP,O05409,SIGZ_BACSU/7-176,NA,TIGR02959,1162199,RefSeq,NC_000964.3,2742244,2742774,-,WP_004398507.1,RNA polymerase sigma factor SigZ,Bacillus subtilis subsp. subtilis str. 168,168,FALSE
GB,ABB13809.1,77994910/12-181,NA,TIGR02959,4894002,INSDC,CP000141.1,1523276,1523836,+,ABB13809.1,RNA polymerase sigma-Z factor,Carboxydothermus hydrogenoformans Z-2901,Z-2901,FALSE
GB,ABB33010.1,78195243/32-201,NA,TIGR02959,4416191,INSDC,CP000148.1,3156610,3157230,-,ABB33010.1,RNA polymerase sigma factor,Geobacter metallireducens GS-15,GS-15,FALSE
GB,CAD74599.1,32444597/29-198,NA,TIGR02959,1689823,INSDC,BX119912.1,3190235,3190855,+,CAD74599.1,RNA polymerase sigma-70 factor (ECF subfamily),Rhodopirellula baltica SH 1,1,FALSE
GB,AAW85467.1,59479680/5-174,NA,TIGR02959,4055992,INSDC,CP000020.2,1065557,1066102,+,AAW85467.1,RNA polymerase ECF-type sigma factor,Aliivibrio fischeri ES114,ES114,FALSE
GB,CAG22124.1,46915351/7-175,NA,TIGR02959,3371470,INSDC,CR354532.1,285039,285581,+,CAG22124.1,hypothetical RNA polymerase ECF-type sigma factor,Photobacterium profundum SS9,SS9,FALSE
GB,AAZ47680.1,71848184/8-177,NA,TIGR02959,NA,NA,NA,NA,NA,NA,NA,NA,NA,NA,NA
GB,BAB04391.1,10173286/6-285,NA,TIGR02957,629344,INSDC,BA000004.3,725217,726074,+,BAB04391.1,RNA polymerase ECF-type sigma factor,Alkalihalobacillus halodurans C-125,C-125,FALSE
GB,AAU18051.1,51976501/5-286,NA,TIGR02957,3637978,INSDC,CP000001.1,2334211,2335080,+,AAU18051.1,"RNA polymerase sigma factor, ECF subfamily",Bacillus cereus E33L,E33L,FALSE
GB,AAU25797.1,52005855/2-284,NA,TIGR02957,3645783,INSDC,CP000002.3,4214087,4214944,-,AAU25797.1,"putative RNA polymerase, sigma subunit",Bacillus licheniformis DSM 13 = ATCC 14580,ATCC 14580; DSM 13,FALSE
GB,BAC88610.1,35211231/12-291,NA,TIGR02957,1818024,INSDC,BA000045.2,717595,718497,-,BAC88610.1,RNA polymerase sigma-70 factor,Gloeobacter violaceus PCC 7421,PCC 7421,FALSE
GB,CAB66281.1,6714789/29-308,NA,TIGR02957,123758,INSDC,AL645882.2,2988198,2989145,-,CAB66281.1,putative sigma factor,Streptomyces coelicolor A3(2),NA,FALSE
MSMEG1688_M.smegm/21-299,NA,NA,NA,TIGR02957,NA,NA,NA,NA,NA,NA,NA,NA,NA,NA,NA
GB,ABB10211.1,77968832/6-288,NA,TIGR02957,3324977,INSDC,CP000152.1,100133,101017,-,ABB10211.1,sigma-24 (FecI-like),Burkholderia lata,383,FALSE
GB,BAC68619.1,29604549/5-287,NA,TIGR02957,187189,INSDC,BA000030.4,1088612,1089535,+,BAC68619.1,putative RNA polymerase ECF-subfamily sigma factor,Streptomyces avermitilis MA-4680 = NBRC 14893,MA-4680,FALSE
GB,BAD60131.1,54018761/7-287,NA,TIGR02957,3779005,INSDC,AP006618.1,5580444,5581328,-,BAD60131.1,putative sigma factor,Nocardia farcinica IFM 10152,IFM 10152,FALSE
GB,AAO35293.1,28202849/1-172,NA,TIGR02954,461611,INSDC,AE015927.1,708021,708554,-,AAO35293.1,RNA polymerase sigma factor sigV,Clostridium tetani E88,Massachusetts,FALSE
GB,BAB80265.1,18144218/18-187,NA,TIGR02954,78067,INSDC,BA000016.3,694087,694662,+,BAB80265.1,RNA polymerase ECF-type sigma factor,Clostridium perfringens str. 13,13,FALSE
NTL02CB0834_C.botul/1-170,NA,NA,NA,TIGR02954,NA,NA,NA,NA,NA,NA,NA,NA,NA,NA,NA
GB,BAD66582.1,56912055/1-171,NA,TIGR02954,3980291,INSDC,AP006627.1,4225209,4225748,+,BAD66582.1,DNA-directed RNA polymerase ECF-type sigma factor,Alkalihalobacillus clausii KSM-K16,KSM-K16,FALSE
GB,AAU25605.1,52005663/1-170,NA,TIGR02954,3644527,INSDC,CP000002.3,3999781,4000329,-,AAU25605.1,putative RNA polymerase,Bacillus licheniformis DSM 13 = ATCC 14580,ATCC 14580; DSM 13,FALSE
GB,BAB04339.1,10173234/1-168,NA,TIGR02954,903312,INSDC,BA000004.3,674792,675325,-,BAB04339.1,RNA polymerase ECF-type sigma factor,Alkalihalobacillus halodurans C-125,C-125,FALSE
NT02CA3356_C.auran/7-174,NA,NA,NA,TIGR02952,NA,NA,NA,NA,NA,NA,NA,NA,NA,NA,NA
GB,CAB55345.1,5834669/90-259,NA,TIGR02952,190789,INSDC,AJ010584.1,1122,1916,+,CAB55345.1,ECF sigma factor,Streptomyces coelicolor A3(2),M145,FALSE
GB,AAW39414.1,57224357/7-176,NA,TIGR02952,4011976,INSDC,CP000027.1,1218696,1219235,-,AAW39414.1,"RNA polymerase sigma-70 factor, ECF subfamily",Dehalococcoides mccartyi 195,195,FALSE
GB,AAC12856.1,3025463,CAU58131/8-176,TIGR02952,584969,INSDC,U58131.1,3293,3847,+,AAC12856.1,SigX,Clostridium acetobutylicum ATCC 824,DSM 792,FALSE
GB,AAT30209.1,47501533/6-161,NA,TIGR02950,610701,INSDC,AE017334.2,1090293,1090778,-,AAT30209.1,"RNA polymerase sigma-70 factor, ECF subfamily",Bacillus anthracis str. 'Ames Ancestor',Ames Ancestor; A2084,FALSE
GB,AAU22585.1,52002643/2-157,NA,TIGR02950,3644216,INSDC,CP000002.3,1023453,1023944,-,AAU22585.1,RNA polymerase ECF(extracytoplasmic function)-type sigma factor (sigma-M),Bacillus licheniformis DSM 13 = ATCC 14580,ATCC 14580; DSM 13,FALSE
GB,BAD76011.1,56380103/1-156,NA,TIGR02950,3904688,INSDC,BA000043.1,1752910,1753395,+,BAD76011.1,DNA-directed RNA polymerase ECF-type sigma factor,Geobacillus kaustophilus HTA426,HTA426,FALSE
GB,AAU23228.1,52003286/8-167,NA,TIGR02950,3644718,INSDC,CP000002.3,1646917,1647432,+,AAU23228.1,ECF sigma factor YlaC,Bacillus licheniformis DSM 13 = ATCC 14580,ATCC 14580; DSM 13,FALSE
GB,BAC13254.1,22776980/5-165,NA,TIGR02950,1312040,INSDC,BA000028.3,1339487,1340014,-,BAC13254.1,RNA polymerase ECF-type sigma factor,Oceanobacillus iheyensis HTE831,HTE831,FALSE
GB,BAD74435.1,56378527/1-187,NA,TIGR02948,3902281,INSDC,BA000043.1,162033,162596,+,BAD74435.1,DNA-directed RNA polymerase ECF-type sigma factor (sigma-W),Geobacillus kaustophilus HTA426,HTA426,FALSE
GB,AAU21818.1,52001876/1-187,NA,TIGR02948,3643413,INSDC,CP000002.3,178313,178876,+,AAU21818.1,RNA polymerase ECF(extracytoplasmic function)-type sigma factor (sigma-W),Bacillus licheniformis DSM 13 = ATCC 14580,ATCC 14580; DSM 13,FALSE
GB,BAB03982.1,10172875/1-187,NA,TIGR02948,602766,INSDC,BA000004.3,283538,284101,+,BAB03982.1,RNA polymerase ECF-type sigma factor,Alkalihalobacillus halodurans C-125,C-125,FALSE
GB,AAT83014.1,50840347/13-205,NA,TIGR02947,3587336,INSDC,AE017283.1,1373291,1373968,-,AAT83014.1,putative RNA polymerase sigma factor,Cutibacterium acnes KPA171202,KPA171202,FALSE
GB,BAD59435.1,54018065/20-212,NA,TIGR02947,3778379,INSDC,AP006618.1,4766855,4767508,-,BAD59435.1,putative sigma factor,Nocardia farcinica IFM 10152,IFM 10152,FALSE
NT02AS4531_A.sp./94-286,NA,NA,NA,TIGR02947,NA,NA,NA,NA,NA,NA,NA,NA,NA,NA,NA
GB,AAQ60641.1,34104282/1-186,NA,TIGR02943,1771709,INSDC,AE016825.1,3250786,3251349,-,AAQ60641.1,probable ecf-family RNA polymerase sigma factor transcription regulator protein,Chromobacterium violaceum ATCC 12472,ATCC 12472,FALSE
GB,AAZ59561.1,72117298/1-191,NA,TIGR02943,3293010,RefSeq,NZ_CAIGKG010000006.1,410729,411328,+,WP_011296369.1,sigma-70 family RNA polymerase sigma factor,Cupriavidus necator,NA,FALSE
GB,AAZ47880.1,71848384/16-200,NA,TIGR02943,NA,NA,NA,NA,NA,NA,NA,NA,NA,NA,NA
GB,ABB10125.1,77968746/4-193,NA,TIGR02943,3326397,INSDC,CP000152.1,9139,9738,-,ABB10125.1,"RNA polymerase, sigma-24 subunit, RpoE",Burkholderia lata,383,FALSE
NTL03AA0738_A.actin/10-199,NA,NA,NA,TIGR02943,NA,NA,NA,NA,NA,NA,NA,NA,NA,NA,NA
GB,AAF42452.1,7227401,AE002098/4-193,TIGR02943,383984,INSDC,AE002098.2,2256853,2257440,+,AAF42452.1,putative sigma factor,Neisseria meningitidis MC58,MC58,FALSE
GB,BAC12586.1,22776310/1-256,NA,TIGR02941,791449,INSDC,BA000028.3,655820,656611,+,BAC12586.1,RNA polymerase general stress sigma factor (sigma B),Oceanobacillus iheyensis HTE831,HTE831,FALSE
GB,BAB43151.1,13701859/2-256,NA,TIGR02941,201413,INSDC,BA000018.3,2118150,2118920,-,BAB43151.1,sigma factor B,Staphylococcus aureus subsp. aureus N315,N315,FALSE
GB,AAT53253.1,49177877/2-256,NA,TIGR02941,3497639,INSDC,AE017225.1,985980,986756,+,AAT53253.1,RNA polymerase sigma-B factor,Bacillus anthracis str. Sterne,Sterne,FALSE
GB,AAA65226.1,780317,PHRRPOEA/1-190,TIGR02939,968385,INSDC,L41688.1,267,845,+,AAA65226.1,rpoE,Photobacterium profundum SS9,SS9,FALSE
GB,CAI09235.1,56314590/1-191,NA,TIGR02939,3900853,INSDC,CR555306.1,3259371,3259970,+,CAI09235.1,"Sigma factor, ECF subfamily",Aromatoleum aromaticum EbN1,EbN1,FALSE
XOCORF3641_X.oryza/96-285,NA,NA,NA,TIGR02939,NA,NA,NA,NA,NA,NA,NA,NA,NA,NA,NA
AFE_1687_A.ferro/13-203,NA,NA,NA,TIGR02939,NA,NA,NA,NA,NA,NA,NA,NA,NA,NA,NA
FSU2165_F.succi/120-346,NA,NA,NA,TIGR02937,NA,NA,NA,NA,NA,NA,NA,NA,NA,NA,NA
GB,AAC12856.1,3025463,CAU58131,TIGR02937,584969,INSDC,U58131.1,3293,3847,+,AAC12856.1,SigX,Clostridium acetobutylicum ATCC 824,DSM 792,FALSE
GB,AAD01787.1,4103484,AF023662,TIGR02937,425016,INSDC,AF023662.1,286,1179,+,AAD01787.1,sigma-D factor,Myxococcus xanthus DZF1,DZF1,FALSE
GB,AAD17856.1,4336610,AF099112,TIGR02937,1197845,INSDC,AF099112.1,59,1684,+,AAD17856.1,sigma factor SIG6,Zea mays,NA,FALSE
GB,AAD35619.1,4981047,AE001728,TIGR02937,596669,INSDC,AE000512.1,559501,560082,+,AAD35619.1,"RNA polymerase sigma-H factor, putative",Thermotoga maritima MSB8,MSB8,FALSE
GB,AAD35983.1,4981438,AE001755,TIGR02937,832945,INSDC,AE000512.1,921425,922087,-,AAD35983.1,"RNA polymerase sigma-28 factor, putative",Thermotoga maritima MSB8,MSB8,FALSE
GB,AAD36665.1,4982169,AE001804,TIGR02937,481396,INSDC,AE000512.1,1589074,1589643,+,AAD36665.1,RNA polymerase sigma-E factor,Thermotoga maritima MSB8,MSB8,TRUE
GB,AAF10382.1,6458518,AE001935,TIGR02937,199671,INSDC,AE000513.1,816594,817442,-,AAF10382.1,"sigma factor, putative",Deinococcus radiodurans R1,R1,FALSE
GB,AAF35371.1,7021490,AF225460,TIGR02937,1171887,INSDC,AF225460.1,194,790,+,AAF35371.1,RNA polymerase ECF sigma factor,Streptomyces coelicolor,NA,FALSE
GB,AAG04752.1,9947305,AE004565,TIGR02937,833152,INSDC,AE004091.2,1474727,1475467,+,AAG04752.1,"probable sigma-70 factor, ECF subfamily",Pseudomonas aeruginosa PAO1,PAO1,FALSE
GB,AAK20883.1,13377878,NA,TIGR02937,466364,INSDC,AF334761.1,3267,4121,+,AAK20883.1,RNA polymerase sigma-32,Aeromonas hydrophila,NA,FALSE
GB,AAK22547.1,13421755,NA,TIGR02937,861074,INSDC,AE005673.1,601816,602316,-,AAK22547.1,"sigma factor, putative",Caulobacter vibrioides CB15,CB15,FALSE
GB,AAK22965.1,13422263,NA,TIGR02937,265795,INSDC,AE005673.1,1095451,1096056,+,AAK22965.1,"RNA polymerase sigma-70 factor, ECF subfamily",Caulobacter vibrioides CB15,CB15,FALSE
GB,AAK23113.1,13422443,NA,TIGR02937,677757,INSDC,AE005673.1,1279258,1279764,+,AAK23113.1,"RNA polymerase sigma-70 factor, ECF subfamily",Caulobacter vibrioides CB15,CB15,FALSE
GB,AAK23627.1,13423053,NA,TIGR02937,909992,INSDC,AE005673.1,1822573,1823157,+,AAK23627.1,"RNA polymerase sigma-70 factor, ECF subfamily",Caulobacter vibrioides CB15,CB15,FALSE
GB,AAK24672.1,13424294,NA,TIGR02937,1222182,INSDC,AE005673.1,2920184,2920702,+,AAK24672.1,"RNA polymerase sigma-70 factor, ECF subfamily",Caulobacter vibrioides CB15,CB15,FALSE
GB,AAK64733.1,14523137,NA,TIGR02937,15133033,INSDC,AE006469.1,78965,79507,+,AAK64733.2,RNA polymerase ECF sigma factor,Sinorhizobium meliloti 1021,1021,FALSE
GB,AAK79198.1,15024150,NA,TIGR02937,1293622,INSDC,AE001437.1,1369553,1370236,+,AAK79198.1,RNA polymerase sigma factor,Clostridium acetobutylicum ATCC 824,ATCC 824,FALSE
GB,AAL44200.1,17741779,NA,TIGR02937,1166332,RefSeq,NC_003063.2,431670,432170,-,WP_010972994.1,RNA polymerase sigma factor,Agrobacterium fabrum str. C58,C58,FALSE
GB,AAL44504.1,17742113,NA,TIGR02937,1292183,RefSeq,NC_003063.2,767474,768016,+,WP_010973257.1,RNA polymerase sigma factor,Agrobacterium fabrum str. C58,C58,FALSE
GB,AAL45997.1,17743752,NA,TIGR02937,714954,RefSeq,NC_003064.2,302720,303229,+,WP_010974565.1,sigma-70 family RNA polymerase sigma factor,Agrobacterium fabrum str. C58,C58,FALSE
GB,AAL46176.1,17743947,NA,TIGR02937,1117775,RefSeq,NC_003064.2,479424,479966,-,WP_010974715.1,sigma-70 family RNA polymerase sigma factor,Agrobacterium fabrum str. C58,C58,FALSE
GB,AAL95513.1,19714956,NA,TIGR02937,247421,INSDC,AE009951.2,1970363,1971175,-,AAL95513.1,RNA polymerase sigma factor,Fusobacterium nucleatum subsp. nucleatum ATCC 25586,ATCC 25586,FALSE
GB,AAM23422.1,20515095,NA,TIGR02937,1356632,INSDC,AE008691.1,120117,120782,-,AAM23422.1,DNA-directed RNA polymerase specialized sigma subunit,Caldanaerobacter subterraneus subsp. tengcongensis MB4,MB4,FALSE
GB,AAM24541.1,20516321,NA,TIGR02937,22849,INSDC,AE008691.1,1306705,1307427,+,AAM24541.1,DNA-directed RNA polymerase specialized sigma subunit,Caldanaerobacter subterraneus subsp. tengcongensis MB4,MB4,FALSE
GB,AAM38964.1,21110551,NA,TIGR02937,303609,INSDC,AE008923.1,4850278,4850805,+,AAM38964.1,ECF sigma factor,Xanthomonas citri pv. citri str. 306,306,FALSE
GB,AAM71744.1,21646431,NA,TIGR02937,57332,INSDC,AE006470.1,514020,514598,+,AAM71744.1,"RNA polymerase sigma-70 factor, ECF subfamily",Chlorobaculum tepidum TLS,TLS,FALSE
GB,AAM99163.1,22533269,NA,TIGR02937,708599,INSDC,AE009948.1,264842,265333,-,AAM99163.1,"RNA polymerase sigma factor, ECF subfamily",Streptococcus agalactiae 2603V/R,2603V/R,FALSE
GB,AAN47461.1,24193637,NA,TIGR02937,3255929,INSDC,AE010300.2,258260,259165,+,AAN47461.2,RNA polymerase ECF-type sigma factor,Leptospira interrogans serovar Lai str. 56601,56601,FALSE
GB,AAN56542.1,24349803,NA,TIGR02937,1364517,INSDC,AE014299.2,3707704,3708306,-,AAN56542.1,RNA polymerase sigma-70 factor ECF subfamily,Shewanella oneidensis MR-1,MR-1,FALSE
GB,AAO35703.1,28203260,NA,TIGR02937,1396517,INSDC,AE015927.1,1193354,1193839,+,AAO35703.1,RNA polymerase sigma-G factor,Clostridium tetani E88,Massachusetts,FALSE
GB,AAO35991.1,28203550,NA,TIGR02937,439759,INSDC,AE015927.1,1547947,1548507,+,AAO35991.1,putative RNA polymerase sigma factor,Clostridium tetani E88,Massachusetts,FALSE
GB,AAO37407.1,28208725,NA,TIGR02937,98720,INSDC,AF528097.1,9010,9564,-,AAO37407.1,putative RNA polymerase sigma factor,Clostridium tetani E88,Massachusetts,FALSE
GB,AAO62590.1,32396024,NA,TIGR02937,1687912,INSDC,AY234831.1,229,819,+,AAO62590.1,putative RNA polymerase sigma factor,Staphylococcus chromogenes,GIFU12240T,FALSE
GB,AAO62591.1,32396026,NA,TIGR02937,1688490,INSDC,AY234832.1,234,806,+,AAO62591.1,putative RNA polymerase sigma factor,Staphylococcus intermedius,GIFU3171,FALSE
GB,AAO62592.1,32396028,NA,TIGR02937,1685624,INSDC,AY234833.1,232,813,+,AAO62592.1,putative RNA polymerase sigma factor,Staphylococcus warneri,GIFU9128,FALSE
GB,AAO75246.1,29337441,NA,TIGR02937,50671,INSDC,AE015928.1,139333,139848,+,AAO75246.1,RNA polymerase ECF-type sigma factor,Bacteroides thetaiotaomicron VPI-5482,VPI-5482,FALSE
GB,AAO76085.1,29338283,NA,TIGR02937,1126972,INSDC,AE015928.1,1195110,1195601,-,AAO76085.1,ECF-type sigma factor,Bacteroides thetaiotaomicron VPI-5482,VPI-5482,FALSE
GB,AAO76835.1,29339037,NA,TIGR02937,1066076,INSDC,AE015928.1,2126948,2127538,-,AAO76835.1,RNA polymerase ECF-type sigma factor,Bacteroides thetaiotaomicron VPI-5482,VPI-5482,FALSE
GB,AAO78296.1,29340504,NA,TIGR02937,18039,INSDC,AE015928.1,4080299,4080889,+,AAO78296.1,putative RNA polymerase ECF-type sigma factor,Bacteroides thetaiotaomicron VPI-5482,VPI-5482,FALSE
GB,AAO78375.1,29340583,NA,TIGR02937,1277533,INSDC,AE015928.1,4174538,4175110,+,AAO78375.1,RNA polymerase ECF-type sigma factor,Bacteroides thetaiotaomicron VPI-5482,VPI-5482,FALSE
GB,AAO78563.1,29340772,NA,TIGR02937,1382031,INSDC,AE015928.1,4452980,4453483,-,AAO78563.1,RNA polymerase ECF-type sigma factor,Bacteroides thetaiotaomicron VPI-5482,VPI-5482,FALSE
GB,AAO79098.1,29341310,NA,TIGR02937,442422,INSDC,AE015928.1,5202354,5202908,-,AAO79098.1,RNA polymerase ECF-type sigma factor,Bacteroides thetaiotaomicron VPI-5482,VPI-5482,FALSE
GB,AAO79566.1,29341780,NA,TIGR02937,229105,INSDC,AE015928.1,5871960,5872532,-,AAO79566.1,RNA polymerase ECF-type sigma factor,Bacteroides thetaiotaomicron VPI-5482,VPI-5482,FALSE
GB,AAO79676.1,29341890,NA,TIGR02937,350891,INSDC,AE015928.1,5992436,5992996,-,AAO79676.1,RNA polymerase ECF-type sigma factor,Bacteroides thetaiotaomicron VPI-5482,VPI-5482,FALSE
GB,AAO79810.1,29342025,NA,TIGR02937,1127070,INSDC,AE015928.1,6174951,6175520,-,AAO79810.1,RNA polymerase ECF-type sigma factor,Bacteroides thetaiotaomicron VPI-5482,VPI-5482,FALSE
GB,AAO79825.1,29342040,NA,TIGR02937,459815,INSDC,AE015928.1,6194917,6195465,+,AAO79825.1,putative RNA polymerase ECF-type sigma factor,Bacteroides thetaiotaomicron VPI-5482,VPI-5482,FALSE
GB,AAO79931.1,29342165,NA,TIGR02937,871991,INSDC,AE016830.1,51511,52077,+,AAO79931.1,sigma-70 factor family protein,Enterococcus faecalis V583,V583,FALSE
GB,AAO82854.1,29345098,NA,TIGR02937,43060,INSDC,AE016830.1,3053119,3053616,-,AAO82854.1,"RNA polymerase sigma-70 factor, ECF subfamily",Enterococcus faecalis V583,V583,FALSE
GB,AAP07662.1,29894372,NA,TIGR02937,1628798,INSDC,AE016877.1,642203,642760,+,AAP07662.1,RNA polymerase ECF-type sigma factor,Bacillus cereus ATCC 14579,ATCC 14579,FALSE
GB,AAP09431.1,29896151,NA,TIGR02937,1626314,INSDC,AE016877.1,2438142,2438681,+,AAP09431.1,RNA polymerase ECF-type sigma factor,Bacillus cereus ATCC 14579,ATCC 14579,FALSE
GB,AAP12115.1,29898844,NA,TIGR02937,1628639,INSDC,AE016877.1,5159865,5160335,-,AAP12115.1,RNA polymerase sigma factor,Bacillus cereus ATCC 14579,ATCC 14579,FALSE
GB,AAP12225.1,29898954,NA,TIGR02937,1614026,INSDC,AE016877.1,5281042,5281572,-,AAP12225.1,RNA polymerase ECF-type sigma factor,Bacillus cereus ATCC 14579,ATCC 14579,FALSE
GB,AAP77743.1,32262696,NA,TIGR02937,1680384,INSDC,AE017125.1,1112083,1112655,+,AAP77743.1,RNA polymerase sigma 28 factor,Helicobacter hepaticus ATCC 51449,ATCC 51449,FALSE
GB,AAQ65402.1,34396335,NA,TIGR02937,1779650,INSDC,AE015924.1,184595,185176,-,AAQ65402.1,"RNA polymerase sigma-70 factor, ECF subfamily",Porphyromonas gingivalis W83,W83,FALSE
GB,AAQ66109.1,34397045,NA,TIGR02937,1778868,INSDC,AE015924.1,1047070,1047576,+,AAQ66109.1,"RNA polymerase sigma-70 factor, ECF subfamily",Porphyromonas gingivalis W83,W83,FALSE
GB,AAQ93541.1,37575548,NA,TIGR02937,1840369,INSDC,AY392415.1,1,584,+,AAQ93541.1,putative RNA polymerase sigma factor,Streptomyces clavuligerus,NA,FALSE
GB,AAR35553.1,39984165,NA,TIGR02937,1940402,INSDC,AE017180.2,2387317,2387874,+,AAR35553.1,RNA polymerase sigma factor,Geobacter sulfurreducens PCA,PCA,FALSE
GB,AAS10589.1,41815621,NA,TIGR02937,2024927,INSDC,AE017226.1,109280,109822,-,AAS10589.1,"RNA polymerase sigma-24 factor, putative",Treponema denticola ATCC 35405,ATCC 35405,FALSE
GB,AAS12839.1,41818650,NA,TIGR02937,2024284,INSDC,AE017226.1,2356400,2357041,-,AAS12839.1,"RNA polymerase sigma-24 factor, putative",Treponema denticola ATCC 35405,ATCC 35405,FALSE
GB,AAS14720.1,42410611,NA,TIGR02937,3173518,INSDC,AE017196.1,1024079,1024972,+,AAS14720.1,heat shock sigma factor RpoH,Wolbachia endosymbiont of Drosophila melanogaster,wMel,FALSE
GB,AAS40049.1,42736112,NA,TIGR02937,3175442,INSDC,AE017194.1,1125754,1126296,+,AAS40049.1,"RNA polymerase sigma-70 factor, ECF subfamily, putative",Bacillus cereus ATCC 10987,ATCC 10987,FALSE
GB,AAS43699.1,42739774,NA,TIGR02937,3097568,INSDC,AE017194.1,4439802,4440347,-,AAS43699.1,"RNA polymerase sigma-70 factor, ECF subfamily",Bacillus cereus ATCC 10987,ATCC 10987,FALSE
GB,AAS69009.1,45599520,NA,TIGR02937,667616,INSDC,AE016823.1,439864,440412,+,AAS69009.1,RNA polymerase ECF-type sigma factor,Leptospira interrogans serovar Copenhageni str. Fiocruz L1-130,Fiocruz L1-130,FALSE
GB,AAS69265.1,45599777,NA,TIGR02937,3256261,INSDC,AE016823.1,786949,787473,-,AAS69265.1,RNA polymerase ECF-type sigma factor,Leptospira interrogans serovar Copenhageni str. Fiocruz L1-130,Fiocruz L1-130,FALSE
GB,AAS69981.1,45600496,NA,TIGR02937,784561,INSDC,AE016823.1,1697815,1698615,+,AAS69981.1,RNA polymerase sigma-28 factor,Leptospira interrogans serovar Copenhageni str. Fiocruz L1-130,Fiocruz L1-130,FALSE
GB,AAS72144.1,45602669,NA,TIGR02937,166776,INSDC,AE016824.1,137601,138122,-,AAS72144.1,RNA polymerase ECF-type sigma factor,Leptospira interrogans serovar Copenhageni str. Fiocruz L1-130,Fiocruz L1-130,FALSE
GB,AAT33234.1,47504558,NA,TIGR02937,1638407,INSDC,AE017334.2,3780668,3781567,-,AAT33234.1,"putative prophage LambdaBa02, RNA polymerase sigma-F factor",Bacillus anthracis str. 'Ames Ancestor',Ames Ancestor; A2084,TRUE
GB,AAT52507.1,49177131,NA,TIGR02937,3498027,INSDC,AE017225.1,171381,171872,-,AAT52507.1,"RNA polymerase sigma-70 factor, ECF subfamily",Bacillus anthracis str. Sterne,Sterne,FALSE
GB,AAT60910.1,49330264,NA,TIGR02937,3508155,INSDC,AE017355.1,4419988,4420497,-,AAT60910.1,"possible sigma factor, ECF subfamily",[Bacillus thuringiensis] serovar konkukian str. 97-27,97-27,FALSE
GB,AAT61327.1,49330681,NA,TIGR02937,3508256,INSDC,AE017355.1,2633846,2634532,-,AAT61327.1,RNA polymerase ECF-type sigma factor,[Bacillus thuringiensis] serovar konkukian str. 97-27,97-27,FALSE
GB,AAT75627.1,50363642,NA,TIGR02937,3559708,INSDC,AE017263.1,309823,311238,+,AAT75627.1,RNA polymerase sigma factor,Mesoplasma florum L1,L1; ATCC 33453,FALSE
GB,AAT81163.1,50726933,NA,TIGR02937,3569717,INSDC,AY628703.1,632,1954,+,AAT81163.1,principal sigma factor,Streptomyces ansochromogenes,NA,FALSE
GB,AAT88580.1,50950879,NA,TIGR02937,3597339,INSDC,AE016822.1,632192,633010,+,AAT88580.1,"RNA polymerase, sigma factor",Leifsonia xyli subsp. xyli str. CTCB07,CTCB07,FALSE
GB,AAT89857.1,50952156,NA,TIGR02937,3598189,INSDC,AE016822.1,2231243,2231893,-,AAT89857.1,"RNA polymerase, sigma-70 factor, ECF subfamily",Leifsonia xyli subsp. xyli str. CTCB07,CTCB07,FALSE
GB,AAU16827.1,51975277,NA,TIGR02937,3638175,INSDC,CP000001.1,3570354,3570857,-,AAU16827.1,possible positive control factor Xpf,Bacillus cereus E33L,E33L,TRUE
GB,AAU17793.1,51976243,NA,TIGR02937,3638783,INSDC,CP000001.1,2602322,2602852,-,AAU17793.1,RNA polymerase sigma X factor,Bacillus cereus E33L,E33L,FALSE
GB,AAU18335.1,51976785,NA,TIGR02937,3637846,INSDC,CP000001.1,2032616,2033194,+,AAU18335.1,"RNA polymerase sigma subunit, ECF subfamily",Bacillus cereus E33L,E33L,FALSE
GB,AAU18675.1,51977125,NA,TIGR02937,3637529,INSDC,CP000001.1,1659463,1660029,+,AAU18675.1,"RNA polymerase, ECF-type sigma factor",Bacillus cereus E33L,E33L,FALSE
GB,AAU22878.1,52002936,NA,TIGR02937,3643910,INSDC,CP000002.3,1322284,1322787,+,AAU22878.1,putative phage RNA polymerase sigma factor-like protein,Bacillus licheniformis DSM 13 = ATCC 14580,ATCC 14580; DSM 13,TRUE
GB,AAU23972.1,52004030,NA,TIGR02937,3642630,INSDC,CP000002.3,2386221,2386805,-,AAU23972.1,RNA polymerase ECF(extracytoplasmic function)-type sigma factor (sigma-X),Bacillus licheniformis DSM 13 = ATCC 14580,ATCC 14580; DSM 13,FALSE
GB,AAU25030.1,52005088,NA,TIGR02937,3642195,INSDC,CP000002.3,3419756,3420337,-,AAU25030.1,YvrI,Bacillus licheniformis DSM 13 = ATCC 14580,ATCC 14580; DSM 13,FALSE
GB,AAV80898.1,56178176,NA,TIGR02937,3889423,INSDC,AE017340.1,56928,57470,+,AAV80898.1,DNA-directed RNA polymerase specialized sigma subunit,Idiomarina loihiensis L2TR,L2TR,FALSE
GB,AAV82430.1,56179708,NA,TIGR02937,3891056,INSDC,AE017340.1,1708919,1709509,-,AAV82430.1,DNA-directed RNA polymerase specialized sigma subunit,Idiomarina loihiensis L2TR,L2TR,FALSE
GB,AAV83255.1,56180533,NA,TIGR02937,3890304,INSDC,AE017340.1,2595386,2596459,+,AAV83255.1,DNA-directed RNA polymerase specialized sigma factor,Idiomarina loihiensis L2TR,L2TR,FALSE
GB,AAW34654.1,57165875,NA,TIGR02937,4010084,INSDC,CP000025.1,74415,75107,-,AAW34654.1,"RNA polymerase sigma factor, sigma-F",Campylobacter jejuni RM1221,RM1221,FALSE
GB,AAW38354.1,57286260,NA,TIGR02937,475634,INSDC,CP000046.1,1882333,1882803,+,AAW38354.1,RNA polymerase sigma-70 family protein,Staphylococcus aureus subsp. aureus COL,COL,FALSE
GB,AAW40610.1,57225553,NA,TIGR02937,4012148,INSDC,CP000027.1,163656,164207,-,AAW40610.1,"RNA polymerase sigma factor SigW, putative",Dehalococcoides mccartyi 195,195,FALSE
GB,AAW88085.1,59482446,NA,TIGR02937,4058044,INSDC,CP000021.2,1140896,1141780,-,AAW88085.1,"sigma-Q factor RpoQ, quorum-sensing regulated RpoS-like sigma subunit",Aliivibrio fischeri ES114,ES114,FALSE
GB,AAY60370.1,66970394,NA,TIGR02937,4295460,INSDC,CP000040.1,211335,212306,-,AAY60370.1,RNA polymerase sigma factor (sigma-A) (sigma-43),Bacillus cereus E33L,E33L,FALSE
GB,AAY94590.1,68346984,NA,TIGR02937,24165328,INSDC,CP000076.1,6151500,6152021,-,AAY94590.2,"RNA polymerase sigma-70 factor, ECF subfamily, HasI",Pseudomonas protegens Pf-5,Pf-5,FALSE
GB,AAZ25036.1,71144563,NA,TIGR02937,4548276,INSDC,CP000083.1,4020443,4021012,-,AAZ25036.1,"RNA polymerase sigma factor, sigma-70 family",Colwellia psychrerythraea 34H,34H; BAA-681,FALSE
GB,AAZ26240.1,71145767,NA,TIGR02937,4547367,INSDC,CP000083.1,248046,248615,+,AAZ26240.1,putative RNA polymerase sigma-70 factor FecI,Colwellia psychrerythraea 34H,34H; BAA-681,FALSE
GB,AAZ27494.1,71147021,NA,TIGR02937,4548209,INSDC,CP000083.1,727671,728213,+,AAZ27494.1,"RNA polymerase sigma factor, sigma-70 family",Colwellia psychrerythraea 34H,34H; BAA-681,FALSE
GB,AAZ27600.1,71147127,NA,TIGR02937,4548097,INSDC,CP000083.1,5142207,5142872,-,AAZ27600.1,"RNA polymerase sigma factor, sigma-70 family",Colwellia psychrerythraea 34H,34H; BAA-681,FALSE
GB,AAZ46269.1,71846773,NA,TIGR02937,NA,NA,NA,NA,NA,NA,NA,NA,NA,NA,NA
GB,AAZ47364.1,71847868,NA,TIGR02937,NA,NA,NA,NA,NA,NA,NA,NA,NA,NA,NA
GB,AAZ54493.1,71914591,NA,TIGR02937,NA,NA,NA,NA,NA,NA,NA,NA,NA,NA,NA
GB,AAZ54612.1,71914710,NA,TIGR02937,3473238,RefSeq,NZ_CP063232.1,1593520,1594953,-,WP_011291021.1,sigma-70 family RNA polymerase sigma factor,Thermobifida fusca,UPMC 901,FALSE
GB,AAZ54880.1,71914978,NA,TIGR02937,4594676,RefSeq,NZ_AOSG01000022.1,16595,17125,-,WP_011291289.1,SigE family RNA polymerase sigma factor,Thermobifida fusca TM51,TM51,FALSE
GB,AAZ55372.1,71915470,NA,TIGR02937,1596712,INSDC,JEMR01000031.1,36196,37122,+,PPS92080.1,flagellar biosynthesis protein FliA,Thermobifida fusca,GAFM-TF-ZOO,FALSE
GB,AAZ56630.1,71916728,NA,TIGR02937,NA,NA,NA,NA,NA,NA,NA,NA,NA,NA,NA
GB,ABA23699.1,75704023,NA,TIGR02937,3745406,INSDC,CP000117.1,5091103,5092311,-,ABA23699.1,conserved hypothetical protein,Trichormus variabilis ATCC 29413,ATCC 29413,FALSE
GB,ABA46492.1,76564105,NA,TIGR02937,4768195,INSDC,DQ222855.1,28645,29412,+,ABA46492.1,"RNA polymerase sigma factor, putative",Bacillus phage Gamma,NA,TRUE
GB,ABA75484.1,77383971,NA,TIGR02937,1479082,INSDC,CP000094.2,4234730,4235284,+,ABA75484.1,putative RNA polymerase sigma factor,Pseudomonas fluorescens Pf0-1,Pf0-1,FALSE
GB,ABA88408.1,77544846,NA,TIGR02937,4836927,INSDC,CP000142.2,1355216,1355983,-,ABA88408.1,RNA polymerase sigma-28 factor for flagellar operon,Syntrophotalea carbinolica DSM 2380,DSM 2380,FALSE
GB,ABB05690.1,77964309,NA,TIGR02937,4881649,INSDC,CP000150.1,147018,147602,-,ABB05690.1,sigma-24 (FecI-like),Burkholderia lata,383,FALSE
GB,ABB06028.1,77964647,NA,TIGR02937,4882707,INSDC,CP000150.1,539078,539635,+,ABB06028.1,sigma-24 (FecI-like),Burkholderia lata,383,FALSE
GB,ABB13640.1,77994741,NA,TIGR02937,4894388,INSDC,CP000141.1,124319,124846,+,ABB13640.1,RNA polymerase sigma-70 factor,Carboxydothermus hydrogenoformans Z-2901,Z-2901,FALSE
GB,ABB13809.1,77994910,NA,TIGR02937,4894002,INSDC,CP000141.1,1523276,1523836,+,ABB13809.1,RNA polymerase sigma-Z factor,Carboxydothermus hydrogenoformans Z-2901,Z-2901,FALSE
GB,ABB14737.1,77995838,NA,TIGR02937,4895100,INSDC,CP000141.1,1358224,1358862,-,ABB14737.1,RNA polymerase sigma factor,Carboxydothermus hydrogenoformans Z-2901,Z-2901,FALSE
GB,ABB38725.1,78219376,NA,TIGR02937,1468043,INSDC,CP000112.1,1980289,1980873,-,ABB38725.1,"RNA polymerase sigma factor, sigma-70 family",Oleidesulfovibrio alaskensis G20,G20,FALSE
GB,ABB75134.1,82411025,NA,TIGR02937,4990151,INSDC,CP000103.1,2120287,2120796,-,ABB75134.1,sigma-24 (FecI-like),Nitrosospira multiformis ATCC 25196,ATCC 25196,FALSE
GB,BAB05745.1,10174645,NA,TIGR02937,102580,INSDC,BA000004.3,2134035,2134574,+,BAB05745.1,RNA polymerase ECF-type sigma factor,Alkalihalobacillus halodurans C-125,C-125,FALSE
GB,BAB06935.1,10175839,NA,TIGR02937,1257486,INSDC,BA000004.3,3333341,3333922,+,BAB06935.1,RNA polymerase ECF-type sigma factor,Alkalihalobacillus halodurans C-125,C-125,FALSE
GB,BAB07351.1,10176256,NA,TIGR02937,1042202,INSDC,BA000004.3,3732993,3733955,-,BAB07351.1,RNA polymerase ECF-type sigma factor,Alkalihalobacillus halodurans C-125,C-125,FALSE
GB,BAB07601.1,10176507,NA,TIGR02937,683983,INSDC,BA000004.3,4011655,4012119,-,BAB07601.1,RNA polymerase ECF-type sigma factor,Alkalihalobacillus halodurans C-125,C-125,FALSE
GB,BAB48649.1,14022038,NA,TIGR02937,435756,INSDC,BA000012.4,1032653,1033216,-,BAB48649.1,probable RNA polymerase sigma factor,Mesorhizobium japonicum MAFF 303099,MAFF 303099,FALSE
GB,BAB73333.1,17130723,NA,TIGR02937,602231,INSDC,BA000019.2,1629070,1630275,+,BAB73333.1,alr1376,Nostoc sp. PCC 7120 = FACHB-418,PCC 7120,FALSE
GB,BAB78395.1,17135849,NA,TIGR02937,160680,INSDC,BA000020.2,339491,340705,+,BAB78395.1,alr7311,Nostoc sp. PCC 7120 = FACHB-418,PCC 7120,FALSE
GB,BAC13204.1,22776930,NA,TIGR02937,179526,INSDC,BA000028.3,1295511,1296002,+,BAC13204.1,RNA polymerase ECF-type sigma factor,Oceanobacillus iheyensis HTE831,HTE831,FALSE
GB,BAC14616.1,22778347,NA,TIGR02937,1123297,INSDC,BA000028.3,2728296,2728859,+,BAC14616.1,RNA polymerase ECF-type sigma factor,Oceanobacillus iheyensis HTE831,HTE831,FALSE
GB,BAC15312.1,22779045,NA,TIGR02937,1377417,INSDC,BA000028.3,3491447,3492034,+,BAC15312.1,RNA polymerase ECF-type sigma factor,Oceanobacillus iheyensis HTE831,HTE831,FALSE
GB,BAC49293.1,27352289,NA,TIGR02937,791982,INSDC,BA000040.2,4460694,4461215,+,BAC49293.1,blr4028,Bradyrhizobium diazoefficiens USDA 110,USDA110,FALSE
GB,BAC67735.1,29603662,NA,TIGR02937,949666,INSDC,BA000030.4,32552,33124,-,BAC67735.1,putative RNA polymerase ECF-subfamily sigma factor,Streptomyces avermitilis MA-4680 = NBRC 14893,MA-4680,FALSE
GB,BAC67922.1,29603849,NA,TIGR02937,1383848,INSDC,BA000030.4,248139,248741,-,BAC67922.1,putative RNA polymerase ECF-subfamily sigma factor,Streptomyces avermitilis MA-4680 = NBRC 14893,MA-4680,FALSE
GB,BAC68707.1,29604638,NA,TIGR02937,1221677,INSDC,BA000030.4,1262450,1263121,+,BAC68707.1,putative RNA polymerase ECF-subfamily sigma factor,Streptomyces avermitilis MA-4680 = NBRC 14893,MA-4680,FALSE
GB,BAC70308.1,29606245,NA,TIGR02937,185368,INSDC,BA000030.4,3191131,3193035,-,BAC70308.1,putative RNA polymerase ECF-subfamily sigma factor,Streptomyces avermitilis MA-4680 = NBRC 14893,MA-4680,FALSE
GB,BAC72139.1,29608084,NA,TIGR02937,1001315,INSDC,BA000030.4,5411790,5412317,+,BAC72139.1,putative RNA polymerase ECF-subfamily sigma factor,Streptomyces avermitilis MA-4680 = NBRC 14893,MA-4680,FALSE
GB,BAC73110.1,29609058,NA,TIGR02937,883620,INSDC,BA000030.4,6545341,6545880,+,BAC73110.1,putative RNA polymerase ECF-subfamily sigma factor,Streptomyces avermitilis MA-4680 = NBRC 14893,MA-4680,FALSE
GB,BAC73615.1,29609565,NA,TIGR02937,312256,INSDC,BA000030.4,7113078,7114112,-,BAC73615.1,putative RNA polymerase ECF-subfamily sigma factor,Streptomyces avermitilis MA-4680 = NBRC 14893,MA-4680,FALSE
GB,BAC82710.1,34392795,NA,TIGR02937,1776404,INSDC,AB114038.1,3123,3671,+,BAC82710.1,putative sigma factor,Finegoldia magna ATCC 29328,ATCC 29328,FALSE
GB,BAC88664.1,35211285,NA,TIGR02937,1816919,INSDC,BA000045.2,766293,767573,+,BAC88664.1,glr0723,Gloeobacter violaceus PCC 7421,PCC 7421,FALSE
GB,BAC89171.1,35211794,NA,TIGR02937,1816360,INSDC,BA000045.2,1307939,1308829,+,BAC89171.1,glr1230,Gloeobacter violaceus PCC 7421,PCC 7421,FALSE
GB,BAC91605.1,35214236,NA,TIGR02937,1817405,INSDC,BA000045.2,3869789,3871051,-,BAC91605.1,gll3664,Gloeobacter violaceus PCC 7421,PCC 7421,FALSE
GB,BAC92816.1,37196975,NA,TIGR02937,1829373,INSDC,BA000037.2,62933,63505,-,BAC92816.1,putative RNA polymerase ECF-type sigma factor,Vibrio vulnificus YJ016,YJ016,FALSE
GB,BAD04512.1,39722022,NA,TIGR02937,1934528,RefSeq,NZ_BBIY01000027.1,9131,9799,-,WP_042067964.1,sigma-70 family RNA polymerase sigma factor,'Chrysanthemum coronarium' phytoplasma,OY-V,FALSE
GB,BAD40036.1,51855878,NA,TIGR02937,3631421,INSDC,AP006840.1,1167178,1167780,+,BAD40036.1,RNA polymerase ECF-type sigma factor,Symbiobacterium thermophilum IAM 14863,IAM14863,FALSE
GB,BAD40147.1,51855989,NA,TIGR02937,3631926,INSDC,AP006840.1,1292159,1292914,+,BAD40147.1,RNA polymerase sigma factor,Symbiobacterium thermophilum IAM 14863,IAM14863,FALSE
GB,BAD41599.1,51857441,NA,TIGR02937,3629672,INSDC,AP006840.1,2808174,2808785,+,BAD41599.1,RNA polymerase ECF-type sigma factor,Symbiobacterium thermophilum IAM 14863,IAM14863,FALSE
GB,BAD41780.1,51857622,NA,TIGR02937,3629447,INSDC,AP006840.1,3010345,3010911,-,BAD41780.1,RNA polymerase ECF-type sigma factor,Symbiobacterium thermophilum IAM 14863,IAM14863,FALSE
GB,BAD46990.1,52214397,NA,TIGR02937,3662049,INSDC,AP006841.1,265269,265778,+,BAD46990.1,RNA polymerase ECF-type sigma factor,Bacteroides fragilis YCH46,YCH46,FALSE
GB,BAD47024.1,52214431,NA,TIGR02937,3660927,INSDC,AP006841.1,305117,305659,-,BAD47024.1,RNA polymerase ECF-type sigma factor,Bacteroides fragilis YCH46,YCH46,FALSE
GB,BAD47367.1,52214774,NA,TIGR02937,3662958,INSDC,AP006841.1,727971,728558,+,BAD47367.1,RNA polymerase ECF-type sigma factor,Bacteroides fragilis YCH46,YCH46,FALSE
GB,BAD47795.1,52215202,NA,TIGR02937,3662213,INSDC,AP006841.1,1256956,1257507,+,BAD47795.1,RNA polymerase ECF-type sigma factor,Bacteroides fragilis YCH46,YCH46,FALSE
GB,BAD49852.1,52217259,NA,TIGR02937,3660637,INSDC,AP006841.1,3515836,3516384,+,BAD49852.1,RNA polymerase ECF-type sigma factor,Bacteroides fragilis YCH46,YCH46,FALSE
GB,BAD50612.1,52218019,NA,TIGR02937,3662440,INSDC,AP006841.1,4410323,4410880,+,BAD50612.1,RNA polymerase ECF-type sigma factor,Bacteroides fragilis YCH46,YCH46,FALSE
GB,BAD50723.1,52218130,NA,TIGR02937,3660383,INSDC,AP006841.1,4549235,4549789,-,BAD50723.1,RNA polymerase ECF-type sigma factor,Bacteroides fragilis YCH46,YCH46,FALSE
GB,BAD56237.1,54014867,NA,TIGR02937,3781004,INSDC,AP006618.1,1565536,1566768,-,BAD56237.1,putative sigma factor,Nocardia farcinica IFM 10152,IFM 10152,FALSE
GB,BAD56472.1,54015102,NA,TIGR02937,3777843,INSDC,AP006618.1,1777644,1778582,-,BAD56472.1,putative sigma factor,Nocardia farcinica IFM 10152,IFM 10152,FALSE
GB,BAD57182.1,54015812,NA,TIGR02937,3778364,INSDC,AP006618.1,2506228,2506806,+,BAD57182.1,putative sigma factor,Nocardia farcinica IFM 10152,IFM 10152,FALSE
GB,BAD62579.1,56908052,NA,TIGR02937,3981049,INSDC,AP006627.1,48047,48787,-,BAD62579.1,DNA-directed RNA polymerase ECF-type sigma factor,Alkalihalobacillus clausii KSM-K16,KSM-K16,FALSE
GB,BAD65385.1,56910858,NA,TIGR02937,3980090,INSDC,AP006627.1,2981606,2982268,-,BAD65385.1,DNA-directed RNA polymerase sigma factor,Alkalihalobacillus clausii KSM-K16,KSM-K16,TRUE
GB,BAD77709.1,56381801,NA,TIGR02937,3902273,INSDC,BA000043.1,3462964,3463734,+,BAD77709.1,DNA-directed RNA polymerase sigma-37 factor (sigma-B),Geobacillus kaustophilus HTA426,HTA426,FALSE
GB,BAD80685.1,56687463,NA,TIGR02937,3291545,INSDC,AP008231.1,2657624,2658403,-,BAD80685.1,group3 RNA polymerase sigma factor SigF1,Synechococcus elongatus PCC 6301,PCC 6301,FALSE
GB,BAD80742.1,56603661,NA,TIGR02937,3949544,INSDC,AB189171.1,536,2434,+,BAD80742.1,plastid sigma factor PpSIG5,Physcomitrium patens,NA,FALSE
GB,BAD83587.1,57157108,NA,TIGR02937,4006794,INSDC,AB032098.1,1839,2633,+,BAD83587.1,RNA polymerase sigma factor,Clostridium cellulovorans 743B,ATCC 35296,FALSE
GB,BAE17959.1,72494638,NA,TIGR02937,4623475,INSDC,AP008934.1,837694,838272,+,BAE17959.1,truncated RNA polymerase sigma-B factor,Staphylococcus saprophyticus subsp. saprophyticus ATCC 15305 = NCTC 7292,ATCC 15305,FALSE
GB,CAB13218.1,2633716,BSUB0008,TIGR02937,352797,INSDC,AL009126.3,1411892,1412647,+,CAB13218.1,RNA polymerase sigma factor (heat stress responsive),Bacillus subtilis subsp. subtilis str. 168,168,FALSE
GB,CAB83107.1,7363220,NA,TIGR02937,1264192,INSDC,AJ276657.1,25,1728,+,CAB83107.1,sigma factor 3,Sinapis alba,NA,FALSE
GB,CAB88973.1,7649641,NA,TIGR02937,996505,INSDC,AL645882.2,7767762,7768337,+,CAB88973.1,putative RNA polymerase sigma factor,Streptomyces coelicolor A3(2),NA,FALSE
GB,CAB89771.1,7688315,NA,TIGR02937,865356,INSDC,AL645882.2,7889266,7890168,-,CAB89771.1,putative RNA polymerase sigma factor,Streptomyces coelicolor A3(2),NA,FALSE
GB,CAC01633.1,9716964,NA,TIGR02937,341395,INSDC,AL645882.2,7939618,7940355,+,CAC01633.1,putative ECF sigma factor,Streptomyces coelicolor A3(2),NA,FALSE
GB,CAC08418.1,10178380,NA,TIGR02937,735110,INSDC,AL645882.2,4827365,4827958,-,CAC08418.1,putative RNA polymerase sigma factor,Streptomyces coelicolor A3(2),NA,FALSE
GB,CAC36682.1,13620643,NA,TIGR02937,1292213,INSDC,AL589148.1,156182,156988,-,CAC36682.1,putative regulatory protein,Streptomyces coelicolor A3(2),NA,FALSE
GB,CAC48057.1,15072883,NA,TIGR02937,877492,INSDC,AJ315451.1,3887,4546,+,CAC48057.1,putative RNA polymerase sigma factor,Rhizobium leguminosarum bv. viciae,NA,FALSE
GB,CAC89596.1,15978828,NA,TIGR02937,1041806,RefSeq,NC_003143.1,803710,804405,+,WP_002211413.1,FliA/WhiG family RNA polymerase sigma factor,Yersinia pestis CO92,CO92,FALSE
GB,CAD47880.1,25169044,NA,TIGR02937,1181637,INSDC,AJ507836.1,19585,20091,+,CAD47880.1,putative RNA polymerase sigma factor,Paenarthrobacter nicotinovorans,ATCC 49919,FALSE
GB,CAD71613.1,32443091,NA,TIGR02937,1694062,INSDC,BX119912.1,262950,263633,+,CAD71613.1,probable RNA polymerase ECF-type sigma factor,Rhodopirellula baltica SH 1,1,FALSE
GB,CAD72858.1,32397552,NA,TIGR02937,1685931,INSDC,BX119912.1,1473891,1474409,+,CAD72858.1,similar to RNA polymerase sigma factor nccH,Rhodopirellula baltica SH 1,1,FALSE
GB,CAD73620.1,32397619,NA,TIGR02937,1685257,INSDC,BX119912.1,2139632,2141797,+,CAD73620.1,RNA polymerase sigma-H factor,Rhodopirellula baltica SH 1,1,FALSE
GB,CAD73663.1,32397662,NA,TIGR02937,1686221,INSDC,BX119912.1,2173612,2174172,-,CAD73663.1,probable RNA polymerase sigma-E factor,Rhodopirellula baltica SH 1,1,FALSE
GB,CAD74536.1,32444537,NA,TIGR02937,1691305,INSDC,BX119912.1,3128602,3129225,+,CAD74536.1,similar to RNA polymerase sigma-E factor,Rhodopirellula baltica SH 1,1,FALSE
GB,CAD75176.1,32445174,NA,TIGR02937,1693590,INSDC,BX119912.1,3768938,3769519,+,CAD75176.1,probable extracytoplasmic function alternative sigma factor (ECF family),Rhodopirellula baltica SH 1,1,FALSE
GB,CAD75577.1,32445576,NA,TIGR02937,1695110,INSDC,BX119912.1,4175197,4175742,+,CAD75577.1,probable RNA polymerase sigma factor nccH,Rhodopirellula baltica SH 1,1,FALSE
GB,CAD75652.1,32445646,NA,TIGR02937,1692167,INSDC,BX119912.1,4231813,4232499,+,CAD75652.1,probable ECF sigma factor AdsA,Rhodopirellula baltica SH 1,1,FALSE
GB,CAD75875.1,32446046,NA,TIGR02937,1692825,INSDC,BX119912.1,4630397,4630999,+,CAD75875.1,probable sigma factor SigH,Rhodopirellula baltica SH 1,1,FALSE
GB,CAD75935.1,32446106,NA,TIGR02937,1690359,INSDC,BX119912.1,4688029,4688784,+,CAD75935.1,RNA polymerase sigma factor sigW,Rhodopirellula baltica SH 1,1,FALSE
GB,CAD76042.1,32446213,NA,TIGR02937,1691446,INSDC,BX119912.1,4805225,4805806,+,CAD76042.1,probable RNA polymerase sigma-H factor,Rhodopirellula baltica SH 1,1,FALSE
GB,CAD76424.1,32446589,NA,TIGR02937,1692965,INSDC,BX119912.1,5247985,5248503,-,CAD76424.1,probable RNA polymerase sigma factor rfaY,Rhodopirellula baltica SH 1,1,FALSE
GB,CAD76490.1,32446654,NA,TIGR02937,1694763,INSDC,BX119912.1,5304982,5305653,+,CAD76490.1,probable RNA polymerase sigma factor cnrH,Rhodopirellula baltica SH 1,1,FALSE
GB,CAD76604.1,32446768,NA,TIGR02937,1694719,INSDC,BX119912.1,5419507,5420160,+,CAD76604.1,probable alternative sigma factor AlgU,Rhodopirellula baltica SH 1,1,FALSE
GB,CAD77106.1,32447280,NA,TIGR02937,1694053,INSDC,BX119912.1,5956958,5957677,+,CAD77106.1,probable RNA-polymerase sigma-E factor,Rhodopirellula baltica SH 1,1,FALSE
GB,CAD77510.1,32447990,NA,TIGR02937,1694097,INSDC,BX119912.1,6622846,6623412,-,CAD77510.1,similar to extracytoplasmic sigma factor ECF,Rhodopirellula baltica SH 1,1,FALSE
GB,CAD77747.1,32448230,NA,TIGR02937,1691754,INSDC,BX119912.1,6860259,6860840,-,CAD77747.1,probable sigma-70 factor (ECF subfamily),Rhodopirellula baltica SH 1,1,FALSE
GB,CAD78137.1,32398042,NA,TIGR02937,1687303,INSDC,BX119912.1,2491429,2491989,-,CAD78137.1,"probable RNA polymerase sigma-70 factor, ECF subfamily",Rhodopirellula baltica SH 1,1,FALSE
GB,CAE07747.1,33632936,NA,TIGR02937,1747566,INSDC,BX548020.1,1225446,1226123,-,CAE07747.1,Possible type 3 alternative RNA polymerase sigma factor,Parasynechococcus marenigrum WH 8102,WH 8102,FALSE
GB,CAE13529.1,36784629,NA,TIGR02937,1821107,INSDC,BX470251.1,1427552,1428052,-,CAE13529.1,unnamed protein product,Photorhabdus laumondii subsp. laumondii TTO1,TTO1,FALSE
GB,CAE20959.1,33634973,NA,TIGR02937,1747780,INSDC,BX548175.1,859077,859886,+,CAE20959.1,putative type III sigma factor,Prochlorococcus marinus str. MIT 9313,MIT9313,FALSE
GB,CAE25994.1,39647473,NA,TIGR02937,1933519,INSDC,BX571963.1,612073,612660,-,CAE25994.1,RNA polymerase ECF-type sigma factor,Rhodopseudomonas palustris CGA009,CGA009,FALSE
GB,CAE26790.1,39648270,NA,TIGR02937,1448473,INSDC,BX571963.1,1492084,1492635,+,CAE26790.1,"RNA polymerase ECF-type sigma factor, possible FecI",Rhodopseudomonas palustris CGA009,CGA009,FALSE
GB,CAE49397.1,38199737,NA,TIGR02937,1889577,INSDC,BX248353.1,854590,855129,+,CAE49397.1,Putative RNA polymerase sigma factor (ECF family),Corynebacterium diphtheriae NCTC 13129,NCTC 13129,FALSE
GB,CAE50894.1,38201170,NA,TIGR02937,1889063,INSDC,BX248353.1,2479572,2480174,+,CAE50894.1,Putative RNA polymerase sigma factor,Corynebacterium diphtheriae NCTC 13129,NCTC 13129,FALSE
GB,CAE78700.1,39574859,NA,TIGR02937,1911350,INSDC,BX842601.2,706483,707103,+,CAE78700.1,RNA polymerase sigma-E factor,Bdellovibrio bacteriovorus HD100,HD100,FALSE
GB,CAE79583.1,39575415,NA,TIGR02937,1908870,INSDC,BX842601.2,1650664,1651236,-,CAE79583.1,putative RNA polymerase ECF-type sigma factor,Bdellovibrio bacteriovorus HD100,HD100,FALSE
GB,CAF25319.1,47076042,NA,TIGR02937,2069941,INSDC,AJ627180.1,1290,4024,+,CAF25319.1,sigma-like transcription factor,Chlamydomonas reinhardtii,cc125,FALSE
GB,CAG22832.1,46916063,NA,TIGR02937,3372308,INSDC,CR354532.1,1093648,1094523,+,CAG22832.1,"hypothetical DNA-directed RNA polymerase, sigma subunit",Photobacterium profundum SS9,SS9,FALSE
GB,CAG35943.1,50876103,NA,TIGR02937,3591228,INSDC,CR522870.1,1354487,1355215,+,CAG35943.1,related to RNA polymerase sigma factor for flagellar operon,Desulfotalea psychrophila LSv54,LSv54,FALSE
GB,CAG69385.1,49531673,NA,TIGR02937,3518848,INSDC,CR543861.1,2579657,2580295,+,CAG69385.1,putative RNA polymerase sigma factor,Acinetobacter baylyi ADP1,ADP1,FALSE
GB,CAH08928.1,60494136,NA,TIGR02937,4094416,INSDC,CR626927.1,3800698,3801171,-,CAH08928.1,putative RNA polymerase sigma factor,Bacteroides fragilis NCTC 9343,NCTC 9343,FALSE
GB,CAH09803.1,60494985,NA,TIGR02937,4094054,INSDC,CR626927.1,4859128,4859661,+,CAH09803.1,putative RNA polymerase ECF-type sigma factor,Bacteroides fragilis NCTC 9343,NCTC 9343,FALSE
GB,CAH94398.1,62896374,NA,TIGR02937,4227502,INSDC,AJ862840.1,80738,81310,+,CAH94398.1,putative RNA polymerase sigma factor,Streptomyces griseus subsp. griseus,DSM 40236,FALSE
GB,CAI38274.1,68264786,NA,TIGR02937,4417721,INSDC,CR931997.1,2450979,2451596,+,CAI38274.1,ECF-family sigma factor M,Corynebacterium jeikeium K411,K411 = NCTC 11915,FALSE
GB,CAI55984.1,78610932,NA,TIGR02937,4960573,INSDC,CR936503.1,1658326,1658886,-,CAI55984.1,"Putative DNA-directed RNA polymerase sigma factor, sigma H family",Latilactobacillus sakei subsp. sakei 23K,23K,FALSE
GB,CAI72582.1,61966525,NA,TIGR02937,4157911,INSDC,AJ920004.1,2472,3032,+,CAI72582.1,SigB protein,Staphylococcus aureus,Wood46,FALSE
GB,CAJ24955.1,78037210,NA,TIGR02937,4899039,INSDC,AM039952.1,3675598,3676128,+,CAJ24955.1,RNA polymerase ECF-type sigma factor,Xanthomonas campestris pv. vesicatoria str. 85-10,85-10,FALSE
GB,CAJ25952.1,78038207,NA,TIGR02937,4897567,INSDC,AM039952.1,4847738,4848304,-,CAJ25952.1,RNA polymerase ECF-type sigma factor,Xanthomonas campestris pv. vesicatoria str. 85-10,85-10,FALSE
GFRORF0331_P.rumin/43-231,NA,NA,NA,TIGR02937,NA,NA,NA,NA,NA,NA,NA,NA,NA,NA,NA
GFRORF0346_P.rumin/45-227,NA,NA,NA,TIGR02937,NA,NA,NA,NA,NA,NA,NA,NA,NA,NA,NA
GGOORF4209_G.obscu/42-195,NA,NA,NA,TIGR02937,NA,NA,NA,NA,NA,NA,NA,NA,NA,NA,NA
LMOh7858_2435.3_L.monoc/2-181,NA,NA,NA,TIGR02937,NA,NA,NA,NA,NA,NA,NA,NA,NA,NA,NA
NTL01HC4895_H.cheju/1-161,NA,NA,NA,TIGR02937,NA,NA,NA,NA,NA,NA,NA,NA,NA,NA,NA
NTL02CB0834_C.botul/1-153,NA,NA,NA,TIGR02937,NA,NA,NA,NA,NA,NA,NA,NA,NA,NA,NA
NTL02CB1594_C.botul/1-162,NA,NA,NA,TIGR02937,NA,NA,NA,NA,NA,NA,NA,NA,NA,NA,NA
NTL02CB2282_C.botul/1-159,NA,NA,NA,TIGR02937,NA,NA,NA,NA,NA,NA,NA,NA,NA,NA,NA
SP,O07582,SIGM_BACSU/1-156,NA,TIGR02937,1039082,RefSeq,NC_000964.3,1029577,1030068,-,WP_003224177.1,RNA polymerase sigma factor SigM,Bacillus subtilis subsp. subtilis str. 168,168,FALSE
SP,P02964,RPSH_BACLI/1-179,NA,TIGR02937,552725,RefSeq,NC_006270.3,115553,116224,+,WP_003178288.1,RNA polymerase sporulation sigma factor SigH,Bacillus licheniformis DSM 13 = ATCC 14580,ATCC 14580; DSM 13,FALSE
SP,P06227,RP34_BPSP1/13-185,NA,TIGR02937,394172,RefSeq,NC_011421.1,112042,112635,+,YP_002300430.1,gp34,Bacillus phage SPO1,NA,TRUE
SP,P15935,BCNA_CLOPE/1-169,NA,TIGR02937,504365,RefSeq,NC_001388.1,7301,7858,+,WP_010889931.1,sigma-70 family RNA polymerase sigma factor,Clostridium perfringens,NA,FALSE
SP,P23672,Y4167_CLOAB/1-162,NA,TIGR02937,570217,RefSeq,NC_001988.2,180992,181546,+,WP_010890851.1,sigma-70 family RNA polymerase sigma factor,Clostridium acetobutylicum ATCC 824,ATCC 824,FALSE
SP,P45215,Y1459_HAEIN/1-176,NA,TIGR02937,1153213,INSDC,L42023.1,1542231,1542815,-,AAC23107.1,"sigma factor, putative",Haemophilus influenzae Rd KW20,Rd KW20,FALSE
SP,Q03474,LAFS_VIBPA/1-218,NA,TIGR02937,191253,RefSeq,NC_004605.1,1655300,1656028,+,WP_005462772.1,lateral flagellar system RNA polymerase sigma factor LafS,Vibrio parahaemolyticus RIMD 2210633,RIMD 2210633,FALSE
SP,Q06909,CARQ_MYXXA/1-156,NA,TIGR02937,308179,INSDC,CP000113.1,5034991,5035515,+,ABF91259.1,RNA polymerase sigma factor CarQ,Myxococcus xanthus DK 1622,DK 1622,FALSE
STIAU_0993_S.auran/39-206,NA,NA,NA,TIGR02937,NA,NA,NA,NA,NA,NA,NA,NA,NA,NA,NA
STIAU_1102_S.auran/126-292,NA,NA,NA,TIGR02937,NA,NA,NA,NA,NA,NA,NA,NA,NA,NA,NA
STIAU_1442_S.auran/173-347,NA,NA,NA,TIGR02937,NA,NA,NA,NA,NA,NA,NA,NA,NA,NA,NA
STIAU_3658_S.auran/119-284,NA,NA,NA,TIGR02937,NA,NA,NA,NA,NA,NA,NA,NA,NA,NA,NA
STIAU_8247_S.auran/150-320,NA,NA,NA,TIGR02937,NA,NA,NA,NA,NA,NA,NA,NA,NA,NA,NA
GB,AAT35378.1,47551870/18-233,NA,TIGR02895,1638304,INSDC,AE017334.2,3203853,3204575,-,AAT35378.1,RNA polymerase sigma-I factor,Bacillus anthracis str. 'Ames Ancestor',Ames Ancestor; A2084,FALSE
GB,BAC13058.1,22776783/15-237,NA,TIGR02895,579650,INSDC,BA000028.3,1156745,1157473,+,BAC13058.1,RNA polymerase sigma factor,Oceanobacillus iheyensis HTE831,HTE831,FALSE
GB,AAM23422.1,20515095/10-212,NA,TIGR02895,1356632,INSDC,AE008691.1,120117,120782,-,AAM23422.1,DNA-directed RNA polymerase specialized sigma subunit,Caldanaerobacter subterraneus subsp. tengcongensis MB4,MB4,FALSE
GB,AAK79735.1,15024740/11-232,NA,TIGR02895,810505,INSDC,AE001437.1,1915404,1916105,+,AAK79735.1,"RNA polymerase sigma factor, SigK-like",Clostridium acetobutylicum ATCC 824,ATCC 824,FALSE
GB,BAD75217.1,56379309/17-240,NA,TIGR02895,3903909,INSDC,BA000043.1,955085,955825,+,BAD75217.1,DNA-directed RNA polymerase sigma factor,Geobacillus kaustophilus HTA426,HTA426,FALSE
GB,ABB14737.1,77995838/1-207,NA,TIGR02895,4895100,INSDC,CP000141.1,1358224,1358862,-,ABB14737.1,RNA polymerase sigma factor,Carboxydothermus hydrogenoformans Z-2901,Z-2901,FALSE
GB,AAK80262.1,15025312/20-250,NA,TIGR02885,49516,INSDC,AE001437.1,2409753,2410511,-,AAK80262.1,Sporulation-specific sigma factor F,Clostridium acetobutylicum ATCC 824,ATCC 824,FALSE
GB,BAB81754.1,18145712/19-248,NA,TIGR02885,572752,INSDC,BA000016.3,2339314,2340069,-,BAB81754.1,RNA polymerase sigma-F factor,Clostridium perfringens str. 13,13,FALSE
GB,AAO36728.1,28204289/22-252,NA,TIGR02885,21401,INSDC,AE015927.1,2366980,2367747,-,AAO36728.1,RNA polymerase sigma-F factor,Clostridium tetani E88,Massachusetts,FALSE
GB,AAM24541.1,20516321/9-237,NA,TIGR02885,22849,INSDC,AE008691.1,1306705,1307427,+,AAM24541.1,DNA-directed RNA polymerase specialized sigma subunit,Caldanaerobacter subterraneus subsp. tengcongensis MB4,MB4,FALSE
GB,BAD40797.1,51856639/20-251,NA,TIGR02885,3631954,INSDC,AP006840.1,1957001,1957768,-,BAD40797.1,RNA polymerase sigma factor similar to B. subtilis sporulation-specific sigma-F,Symbiobacterium thermophilum IAM 14863,IAM14863,FALSE
GB,ABB14817.1,77995918/24-254,NA,TIGR02885,4892576,INSDC,CP000141.1,1751822,1752595,-,ABB14817.1,RNA polymerase sigma-F factor,Carboxydothermus hydrogenoformans Z-2901,Z-2901,FALSE
GB,AAU16439.1,51974889/22-250,NA,TIGR02885,564195,INSDC,CP000001.1,3960935,3961693,-,AAU16439.1,RNA polymerase sigma-F factor,Bacillus cereus E33L,E33L,FALSE
GB,BAC13795.1,22777523/20-247,NA,TIGR02885,361163,INSDC,BA000028.3,1871926,1872678,-,BAC13795.1,stage II sporulation protein AC (RNA polymerase sigma-F factor),Oceanobacillus iheyensis HTE831,HTE831,FALSE
GB,AAS39029.1,42735089/13-210,NA,TIGR02859,3206829,INSDC,AE017194.1,102990,103649,+,AAS39029.1,RNA polymerase sigma-30 factor,Bacillus cereus ATCC 10987,ATCC 10987,FALSE
GB,AAM25452.1,20517313/18-215,NA,TIGR02859,856120,INSDC,AE008691.1,2193222,2193881,-,AAM25452.1,"DNA-directed RNA polymerase specialized sigma subunits, sigma24 homologs",Caldanaerobacter subterraneus subsp. tengcongensis MB4,MB4,FALSE
GB,ABB15597.1,77996698/15-212,NA,TIGR02859,4894767,INSDC,CP000141.1,2091217,2091870,-,ABB15597.1,RNA polymerase sigma-H factor,Carboxydothermus hydrogenoformans Z-2901,Z-2901,FALSE
GB,BAC12059.1,22775781/14-211,NA,TIGR02859,774445,INSDC,BA000028.3,122942,123595,+,BAC12059.1,RNA polymerase sigma-H factor (sigma-30),Oceanobacillus iheyensis HTE831,HTE831,FALSE
GB,AAO37068.1,28204631/21-218,NA,TIGR02859,1212078,INSDC,AE015927.1,2765774,2766436,-,AAO37068.1,RNA polymerase sigma-H factor,Clostridium tetani E88,Massachusetts,FALSE
GB,BAB82128.1,18146088/16-213,NA,TIGR02859,602003,INSDC,BA000016.3,2770748,2771395,-,BAB82128.1,RNA polymerase sigma-H factor,Clostridium perfringens str. 13,13,FALSE
GB,AAU16604.1,51975054/34-287,NA,TIGR02850,3114290,INSDC,CP000001.1,3801032,3801901,-,AAU16604.1,RNA polymerase sigma-G factor,Bacillus cereus E33L,E33L,FALSE
GB,BAC13432.1,22777159/4-258,NA,TIGR02850,1087218,INSDC,BA000028.3,1517130,1517912,+,BAC13432.1,stage III sporulation protein G (RNA polymerase sporulation-specific sigma G factor),Oceanobacillus iheyensis HTE831,HTE831,FALSE
GB,BAB06273.1,10175174/4-259,NA,TIGR02850,853960,INSDC,BA000004.3,2678028,2678813,-,BAB06273.1,RNA polymerase sporulation forespore-specific (late) sigma-G factor,Alkalihalobacillus halodurans C-125,C-125,FALSE
GB,ABB14946.1,77996047/4-257,NA,TIGR02850,4893950,INSDC,CP000141.1,1840292,1841065,-,ABB14946.1,RNA polymerase sigma-G factor,Carboxydothermus hydrogenoformans Z-2901,Z-2901,FALSE
GB,BAD40207.1,51856049/3-256,NA,TIGR02850,3631843,INSDC,AP006840.1,1359746,1360516,+,BAD40207.1,RNA polymerase sigma factor similar to B. subtilis SigG,Symbiobacterium thermophilum IAM 14863,IAM14863,FALSE
SP,P33658,RPSG_CLOAB/4-257,NA,TIGR02850,1306967,RefSeq,NC_003030.1,1847610,1848383,+,WP_010965003.1,RNA polymerase sporulation sigma factor SigG,Clostridium acetobutylicum ATCC 824,ATCC 824,FALSE
GB,AAM24838.1,20516644/11-264,NA,TIGR02850,282764,INSDC,AE008691.1,1586274,1587068,-,AAM24838.1,DNA-directed RNA polymerase sigma subunits (sigma70/sigma32),Caldanaerobacter subterraneus subsp. tengcongensis MB4,MB4,FALSE
GB,BAD76820.1,56380912/3-228,NA,TIGR02846,3902376,INSDC,BA000043.1,2551326,2552039,-,BAD76820.1,sporulation mother cell-specific RNA polymerase sigma-27 factor precursor (sigma K) (stage IV sporulation protein CB),Geobacillus kaustophilus HTA426,HTA426,FALSE
GB,BAC13955.1,22777683/3-228,NA,TIGR02846,91730,INSDC,BA000028.3,2024046,2024750,+,BAC13955.1,RNA polymerase sigma 28 (sigam K) factor,Oceanobacillus iheyensis HTE831,HTE831,FALSE
GB,AAB94775.1,528974,CLOSIGK/3-229,TIGR02846,1012986,INSDC,L23317.1,300,1004,+,AAB94775.1,SigK,Clostridium acetobutylicum,NA,FALSE
OMNI,NTL02CB2537/3-229,NA,NA,TIGR02846,NA,NA,NA,NA,NA,NA,NA,NA,NA,NA,NA
GB,BAB81474.1,18145431/3-232,NA,TIGR02846,855970,INSDC,BA000016.3,2046088,2046789,-,BAB81474.1,probable transcription initiation factor sigma K,Clostridium perfringens str. 13,13,FALSE
GB,AAM24483.1,20516259/4-230,NA,TIGR02846,1243054,INSDC,AE008691.1,1259648,1260343,+,AAM24483.1,DNA-directed RNA polymerase sigma subunits (sigma70/sigma32),Caldanaerobacter subterraneus subsp. tengcongensis MB4,MB4,FALSE
GB,ABB16125.1,77997226/3-228,NA,TIGR02846,4892528,INSDC,CP000141.1,531976,532680,+,ABB16125.1,RNA polymerase sigma-K factor,Carboxydothermus hydrogenoformans Z-2901,Z-2901,FALSE
GB,BAD40943.1,51856785/4-230,NA,TIGR02846,3631502,INSDC,AP006840.1,2097918,2098628,-,BAD40943.1,RNA polymerase sigma factor similar to B. subtilis SigK,Symbiobacterium thermophilum IAM 14863,IAM14863,FALSE
GB,AAO35702.1,28203259/28-261,NA,TIGR02835,1071873,INSDC,AE015927.1,1192207,1192992,+,AAO35702.1,RNA polymerase sigma-E factor,Clostridium tetani E88,Massachusetts,FALSE
SP,P62179,RP35_BACTK/6-239,NA,TIGR02835,1294976,RefSeq,NC_003909.8,3699521,3700240,-,WP_000976948.1,RNA polymerase sporulation sigma factor SigE,Bacillus cereus ATCC 10987,ATCC 10987,FALSE
GB,AAM24839.1,20516645/9-241,NA,TIGR02835,748621,INSDC,AE008691.1,1587123,1587848,-,AAM24839.1,DNA-directed RNA polymerase sigma subunits (sigma70/sigma32),Caldanaerobacter subterraneus subsp. tengcongensis MB4,MB4,FALSE
GB,ABB15699.1,77996800/4-237,NA,TIGR02835,4894531,INSDC,CP000141.1,1841172,1841885,-,ABB15699.1,RNA polymerase sigma-E factor,Carboxydothermus hydrogenoformans Z-2901,Z-2901,FALSE
GB,BAD40206.1,51856048/18-251,NA,TIGR02835,3632112,INSDC,AP006840.1,1358858,1359613,+,BAD40206.1,RNA polymerase sigma factor similar to B. subtilis SigE,Symbiobacterium thermophilum IAM 14863,IAM14863,FALSE
GB,CAE10670.1,34483673/21-231,NA,TIGR02479,1785793,INSDC,BX571656.1,1555604,1556311,-,CAE10670.1,RNA POLYMERASE SIGMA FACTOR,Wolinella succinogenes DSM 1740,DSMZ 1740,FALSE
PIR,E72318,E72318/7-214,NA,TIGR02479,NA,NA,NA,NA,NA,NA,NA,NA,NA,NA,NA
GB,AAS97699.1,46451054/39-256,NA,TIGR02479,3359486,INSDC,AE017285.1,3396820,3397617,-,AAS97699.1,RNA polymerase sigma factor for flagellar operon FliA,Desulfovibrio vulgaris str. Hildenborough,Hildenborough,FALSE
GB,CAD78574.1,32445843/42-264,NA,TIGR02479,1694390,INSDC,BX119912.1,4441097,4441915,-,CAD78574.1,RNA polymerase sigma factor whiG,Rhodopirellula baltica SH 1,1,FALSE
GB,BAD41967.1,51857809/22-245,NA,TIGR02479,3631292,INSDC,AP006840.1,3205197,3205958,-,BAD41967.1,RNA polymerase sigma factor related to flagellar biosynthesis,Symbiobacterium thermophilum IAM 14863,IAM14863,FALSE
GB,AAS13200.1,41819453/30-255,NA,TIGR02479,2025637,INSDC,AE017226.1,2723457,2724245,-,AAS13200.1,RNA polymerase sigma-27 factor,Treponema denticola ATCC 35405,ATCC 35405,FALSE
SP,P17211/50-276,NA,NA,TIGR02479,NA,NA,NA,NA,NA,NA,NA,NA,NA,NA,NA
GB,AAM24635.1,20516424/24-243,NA,TIGR02479,526619,INSDC,AE008691.1,1394188,1394928,-,AAM24635.1,DNA-directed RNA polymerase specialized sigma subunit,Caldanaerobacter subterraneus subsp. tengcongensis MB4,MB4,FALSE
GB,AAO36193.1,28203752/13-236,NA,TIGR02479,282274,INSDC,AE015927.1,1771715,1772443,-,AAO36193.1,RNA polymerase sigma factor for flagellar operon fliA,Clostridium tetani E88,Massachusetts,FALSE
SP,P10726/27-250,NA,NA,TIGR02479,1302543,RefSeq,NC_000964.3,1716493,1717257,+,WP_003220911.1,RNA polymerase sigma-28 factor SigD,Bacillus subtilis subsp. subtilis str. 168,168,FALSE
GB,AAR36445.1,39985090/23-247,NA,TIGR02479,1941746,INSDC,AE017180.2,3354632,3355384,-,AAR36445.1,RNA polymerase sigma-28 factor for flagellar operon,Geobacter sulfurreducens PCA,PCA,FALSE
GB,CAG37407.1,50877567/17-241,NA,TIGR02479,3592003,INSDC,CR522870.1,3040986,3041723,+,CAG37407.1,related to RNA polymerase sigma factor (FliA),Desulfotalea psychrophila LSv54,LSv54,FALSE
GB,AAU48324.1,52427731/14-235,NA,TIGR02479,3671242,INSDC,CP000010.1,2935072,2935806,-,AAU48324.1,RNA polymerase sigma factor for flagellar operon FliA,Burkholderia mallei ATCC 23344,ATCC 23344,FALSE
GB,BAC24345.1,25166154/21-243,NA,TIGR02479,1238037,INSDC,BA000021.3,233242,233982,+,BAC24345.1,fliA,Wigglesworthia glossinidia endosymbiont of Glossina brevipalpis,NA,FALSE
GB,AAF32414.1,6952813,AF069392/20-239,TIGR02479,336370,INSDC,AF069392.3,30320,31057,+,AAF32414.1,flagellar-specific RNA polymerase sigma factor FliA,Vibrio parahaemolyticus,BB22,FALSE
GB,AAD19735.1,4378867,AF124349/25-240,TIGR02479,661490,INSDC,AF124349.1,34744,35478,+,AAD19735.1,sigma-F factor,Zymomonas mobilis subsp. mobilis ZM4 = ATCC 31821,ZM4,FALSE
GB,CAG18502.1,46911704/31-245,NA,TIGR02479,3375190,INSDC,CR354531.1,46640,47395,+,CAG18502.1,"Hypothetical flagellar-specific transcription initiation factor sigma, LafS",Photobacterium profundum SS9,SS9,FALSE
SP,Q03474/28-241,NA,NA,TIGR02479,191253,RefSeq,NC_004605.1,1655300,1656028,+,WP_005462772.1,lateral flagellar system RNA polymerase sigma factor LafS,Vibrio parahaemolyticus RIMD 2210633,RIMD 2210633,FALSE
GB,AAQ60659.1,34104300/18-229,NA,TIGR02479,1767178,INSDC,AE016825.1,3266878,3267573,-,AAQ60659.1,RNA polymerase sigma factor for flagellar operon,Chromobacterium violaceum ATCC 12472,ATCC 12472,FALSE
GB,AAN04223.1,22758825/22-231,NA,TIGR02479,1288025,INSDC,AY129557.1,6132,6839,+,AAN04223.1,LafS,Aeromonas salmonicida,NA,FALSE
SP,P24255,RP54_ECOLI/9-474,NA,TIGR02395,314052,RefSeq,NC_000913.3,3344717,3346150,+,WP_000809057.1,RNA polymerase factor sigma-54,Escherichia coli str. K-12 substr. MG1655,K-12,FALSE
SP,P24695,RP54_THIFE/9-473,NA,TIGR02395,788026,RefSeq,NC_011206.1,2617074,2618501,-,WP_012537552.1,RNA polymerase factor sigma-54,Acidithiobacillus ferrooxidans ATCC 53993,ATCC 53993,FALSE
SP,P33983,RP54_ACIGB/9-479,NA,TIGR02395,846605,RefSeq,NZ_ASQG01000022.1,61031,62479,-,WP_004723732.1,RNA polymerase factor sigma-54,Acinetobacter guillouiae MSP4-18,MSP4-18,FALSE
SP,P77998,RP54_XANCV/9-476,NA,TIGR02395,197452,RefSeq,NC_007508.1,3535266,3536705,+,WP_039418519.1,RNA polymerase factor sigma-54,Xanthomonas campestris pv. vesicatoria str. 85-10,85-10,FALSE
GB,CAE38180.1,33573869/10-466,NA,TIGR02395,1741702,INSDC,BX470249.1,3092986,3094395,+,CAE38180.1,RNA polymerase sigma-54 factor,Bordetella parapertussis 12822,12822,FALSE
SP,Q01194,RP54_RHOSH/9-428,NA,TIGR02395,921889,RefSeq,NC_007493.2,2264540,2265844,-,WP_011338295.1,RNA polymerase factor sigma-54,Cereibacter sphaeroides 2.4.1,2.4.1,FALSE
GB,AAG43521.1,12003289/13-440,NA,TIGR02395,845087,INSDC,AF210458.1,344,1675,+,AAG43521.1,sigma 54 RNA polymerase subunit,Enterococcus faecalis,JH2-2,FALSE
OMNI,NTL01LI2538,CAC97782.1,NA,TIGR02395,NA,NA,NA,NA,NA,NA,NA,NA,NA,NA,NA
SP,P24219,RP54_BACSU/9-433,NA,TIGR02395,1159337,RefSeq,NC_000964.3,3512498,3513808,-,WP_003242595.1,RNA polymerase factor sigma-54,Bacillus subtilis subsp. subtilis str. 168,168,FALSE
GB,AAO35013.1,28202568/14-459,NA,TIGR02395,537526,INSDC,AE015927.1,364944,366329,+,AAO35013.1,RNA polymerase sigma-54 factor rpoN,Clostridium tetani E88,Massachusetts,FALSE
SP,Q9ZLC8,RP54_HELPJ/8-407,NA,TIGR02395,958752,RefSeq,NC_000921.1,730527,731771,-,WP_000996390.1,RNA polymerase factor sigma-54,Helicobacter pylori J99,J99,FALSE
OMNI,NTL01WS1275,CAE10448.1,NA,TIGR02395,NA,NA,NA,NA,NA,NA,NA,NA,NA,NA,NA
GB,AAQ66216.1,34397152/8-482,NA,TIGR02395,1779811,INSDC,AE015924.1,1175806,1177263,-,AAQ66216.1,RNA polymerase sigma-54 factor,Porphyromonas gingivalis W83,W83,FALSE
GB,AAM72426.1,21647167/8-481,NA,TIGR02395,51690,INSDC,AE006470.1,1121810,1123264,-,AAM72426.1,RNA polymerase sigma-54 factor,Chlorobaculum tepidum TLS,TLS,FALSE
OMNI,NTL01OI2441,BAC14397.1,NA,TIGR02395,NA,NA,NA,NA,NA,NA,NA,NA,NA,NA,NA
GB,AAR89075.1,40737175/11-429,NA,TIGR02395,1982791,INSDC,AY429342.2,261,1556,-,AAR89075.1,sigma 54 transcription factor,Lacticaseibacillus casei,NA,FALSE
PIR,F70353,F70353/8-397,NA,TIGR02395,NA,NA,NA,NA,NA,NA,NA,NA,NA,NA,NA
GB,AAP05725.1,29835091/8-418,NA,TIGR02395,1602249,INSDC,AE015925.1,1145011,1146282,+,AAP05725.1,"RNA polymerase sigma factor, sigma-54 family",Chlamydia caviae GPIC,NA,FALSE
SP,O83149,RP54_TREPA/6-475,NA,TIGR02395,309870,RefSeq,NC_000919.1,126974,128401,+,WP_010881560.1,RNA polymerase factor sigma-54,Treponema pallidum subsp. pallidum str. Nichols,Nichols,FALSE
PIR,A70156,A70156/6-417,NA,TIGR02395,NA,NA,NA,NA,NA,NA,NA,NA,NA,NA,NA
SP,P13445,RPOS_ECOLI/44-328,NA,TIGR02394,1015935,RefSeq,NC_000913.3,2866559,2867551,-,WP_000081588.1,RNA polymerase sigma factor RpoS,Escherichia coli str. K-12 substr. MG1655,K-12,FALSE
GB,AAD51396.1,5771430,AF117715/57-341,TIGR02394,532127,INSDC,AF117715.1,2421,3446,+,AAD51396.1,stationary phase specific sigma factor homolog,Legionella pneumophila,Philadelphia-1,FALSE
GB,AAF61172.1,7340285,AF244357/67-351,TIGR02394,603969,INSDC,AF244357.2,1551,2609,+,AAF61172.1,stress response sigma factor RpoS,Coxiella burnetii,NA,FALSE
GB,AAO34104.1,28394113/67-359,NA,TIGR02394,469100,INSDC,AY183467.1,26,1105,+,AAO34104.1,RpoS,Burkholderia pseudomallei,NA,FALSE
GB,AAQ61344.1,34104988/32-316,NA,TIGR02394,1771307,INSDC,AE016825.1,3983111,3984061,+,AAQ61344.1,RNA sigma factor RpoS,Chromobacterium violaceum ATCC 12472,ATCC 12472,FALSE
PIR,T50919,T50919/34-322,NA,TIGR02394,NA,NA,NA,NA,NA,NA,NA,NA,NA,NA,NA
GB,CAG22832.1,46916063/2-287,NA,TIGR02394,3372308,INSDC,CR354532.1,1093648,1094523,+,CAG22832.1,"hypothetical DNA-directed RNA polymerase, sigma subunit",Photobacterium profundum SS9,SS9,FALSE
SP,P52323,RPOD_BORBU/391-628,NA,TIGR02393,224004,RefSeq,NC_001318.1,748123,750018,+,WP_002656292.1,RNA polymerase sigma factor RpoD,Borreliella burgdorferi B31,B31,FALSE
SP,P59117,RPOD_LEPIN/347-584,NA,TIGR02393,218481,RefSeq,NC_004342.2,2212785,2214542,+,WP_000429410.1,RNA polymerase sigma factor RpoD,Leptospira interrogans serovar Lai str. 56601,56601,FALSE
OMNI,DR0916/120-360,NA,NA,TIGR02393,NA,NA,NA,NA,NA,NA,NA,NA,NA,NA,NA
GB,AAS43273.1,42739347/138-375,NA,TIGR02393,3132241,INSDC,AE017194.1,4056642,4057769,-,AAS43273.1,RNA polymerase sigma-43 factor,Bacillus cereus ATCC 10987,ATCC 10987,FALSE
SP,P43766,RPOD_HAEIN/391-628,NA,TIGR02393,1138379,RefSeq,NZ_ACSM01000008.1,21294,23183,+,WP_005694135.1,RNA polymerase sigma factor RpoD,Haemophilus influenzae RdAW,RdAW,FALSE
SP,Q9Z7F0,RPOD_CHLPN/317-554,NA,TIGR02393,293853,RefSeq,NC_000922.1,852961,854679,+,WP_010883393.1,RNA polymerase sigma factor,Chlamydia pneumoniae CWL029,CWL029,FALSE
GB,AAL95514.1,19714957/93-330,NA,TIGR02393,838922,INSDC,AE009951.2,1971191,1972186,-,AAL95514.1,RNA polymerase sigma factor rpoD,Fusobacterium nucleatum subsp. nucleatum ATCC 25586,ATCC 25586,FALSE
GTN1638/148-385,NA,NA,NA,TIGR02393,NA,NA,NA,NA,NA,NA,NA,NA,NA,NA,NA
PIR,F70429,F70429/338-575,NA,TIGR02393,NA,NA,NA,NA,NA,NA,NA,NA,NA,NA,NA
OMNI,NTL01TE0616,BAC08169.1/182-418,NA,TIGR02393,NA,NA,NA,NA,NA,NA,NA,NA,NA,NA,NA
GB,BAD04713.1,39722223/217-457,NA,TIGR02393,1934442,INSDC,AP006628.2,712396,713778,+,BAD04713.1,DNA-directed RNA polymerase sigma subunit,Onion yellows phytoplasma OY-M,onion yellows,FALSE
GB,AAP77142.1,32262093/384-622,NA,TIGR02393,1680159,INSDC,AE017125.1,523978,525849,-,AAP77142.1,RNA polymerase sigma 70 factor,Helicobacter hepaticus ATCC 51449,ATCC 51449,FALSE
SP,P47491,RPOD_MYCGE/246-491,NA,TIGR02393,384979,RefSeq,NC_000908.2,296113,297606,-,WP_009885787.1,RNA polymerase sigma factor,Mycoplasma genitalium G37,G-37,FALSE
GB,AAP56739.1,31541438/395-639,NA,TIGR02393,19352049,INSDC,AE015450.2,550169,552100,-,AAP56739.2,RNA polymerase sigma factor RpoD (Sigma-A),Mycoplasma gallisepticum str. R(low),R,FALSE
PIR,E82901,E82901/193-444,NA,TIGR02393,NA,NA,NA,NA,NA,NA,NA,NA,NA,NA,NA
NT02CA2883/159-396,NA,NA,NA,TIGR02393,NA,NA,NA,NA,NA,NA,NA,NA,NA,NA,NA
PIR,F90568,F90568/214-460,NA,TIGR02393,NA,NA,NA,NA,NA,NA,NA,NA,NA,NA,NA
AFE0356/15-281,NA,NA,NA,TIGR02392,NA,NA,NA,NA,NA,NA,NA,NA,NA,NA,NA
OMNI,BMA3138,NA,NA,TIGR02392,NA,NA,NA,NA,NA,NA,NA,NA,NA,NA,NA
GB,CAE35198.1,33577933/38-306,NA,TIGR02392,1735574,INSDC,BX470250.1,5147623,5148546,-,CAE35198.1,RNA polymerase sigma-32 factor,Bordetella bronchiseptica RB50,RB50,FALSE
PIR,G81166,G81166/18-285,NA,TIGR02392,NA,NA,NA,NA,NA,NA,NA,NA,NA,NA,NA
GB,CAD84495.1,30180193/13-280,NA,TIGR02392,1639994,INSDC,AL954747.1,633671,634513,+,CAD84495.1,Sigma-70 factor family,Nitrosomonas europaea ATCC 19718,ATCC 19718,FALSE
GB,AAF26609.1,6716381,AF120928/16-287,TIGR02392,1089813,INSDC,AF120928.1,187,1053,+,AAF26609.1,heat-shock sigma factor,Coxiella burnetii,Nine Mile phase 1 RSA493,FALSE
MCA0136/14-284,NA,NA,NA,TIGR02392,NA,NA,NA,NA,NA,NA,NA,NA,NA,NA,NA
GB,AAM38666.1,21110222/21-291,NA,TIGR02392,745617,INSDC,AE008923.1,4498013,4498888,-,AAM38666.1,RNA polymerase sigma-32 factor,Xanthomonas citri pv. citri str. 306,306,FALSE
SP,P44404,RP32_HAEIN/13-281,NA,TIGR02392,1398149,RefSeq,NC_007146.2,365968,366813,+,WP_005694033.1,RNA polymerase sigma factor RpoH,Haemophilus influenzae 86-028NP,86-028NP,FALSE
GB,AAN57543.1,24351072/17-285,NA,TIGR02392,24756,INSDC,AE014299.2,4778239,4779096,-,AAN57543.1,RNA polymerase sigma-32 factor RpoH,Shewanella oneidensis MR-1,MR-1,FALSE
SP,O05385,RP32_BUCAI/14-284,NA,TIGR02392,302578,RefSeq,NC_002528.1,24950,25804,+,WP_009873986.1,RNA polymerase sigma factor RpoH,Buchnera aphidicola str. APS (Acyrthosiphon pisum),APS,FALSE
GB,BAC24218.1,25166027/13-281,NA,TIGR02392,1125437,INSDC,BA000021.3,77376,78221,+,BAC24218.1,rpoH,Wigglesworthia glossinidia endosymbiont of Glossina brevipalpis,NA,FALSE
GB,CAD83301.1,33504408/15-283,NA,TIGR02392,1733460,INSDC,BX248583.1,698978,699829,-,CAD83301.1,RNA polymerase sigma-32 factor,Candidatus Blochmannia floridanus,NA,FALSE
GB,AAN30552.1,23348506/14-286,NA,TIGR02392,457233,INSDC,AE014291.4,1600198,1601109,-,AAN30552.1,RNA polymerase sigma-70 factor family protein,Brucella suis 1330,1330,FALSE
GB,AAC44755.1,1613784,BJU55047/14-285,TIGR02392,161861,INSDC,U55047.1,3833,4759,+,AAC44755.1,sigma32-like factor RpoH1,Bradyrhizobium japonicum,NA,FALSE
PIR,G97750,G97750/14-287,NA,TIGR02392,NA,NA,NA,NA,NA,NA,NA,NA,NA,NA,NA
GB,CAA70861.1,1834377,BJY09666/23-294,TIGR02392,599022,INSDC,Y09666.1,3067,3990,+,CAA70861.1,RNA polymerase subunit,Bradyrhizobium japonicum,NA,FALSE
GB,AAR33985.1,39982525/10-276,NA,TIGR02392,1938560,INSDC,AE017180.2,690754,691608,-,AAR33985.1,RNA polymerase sigma-32 factor RpoH,Geobacter sulfurreducens PCA,PCA,FALSE
